File Size(MB),Number of segment,c distribution,delta,Theoretical redundancy,Actual redundancy,reed solomon,GC content per strand,Number of backtrack,Total DNA sequence,Theoretical DNA sequence,Average degree,Single degree droplets,Sequence discarded,Decoded status,decoding cross checked,Insertion percentage,Mutation Percentage,deletion percentage,strand deletion percentage,Total mutation,Total deletion,Total Insertion,Total Strand deletion,Error concentrated in start and end,Encoding time,Decoding time,Information density (bits/nt),Total affected sequence for insertion error, total affected sequence for deletion error,Total affected sequence for mutation error,Percentage of affected sequence for insertion error, Percentage of affected sequence for mutation error, percentage of affected sequence for deletion error,Sequence affected by all kinds of error,Percentage of sequence affected by all kinds of error
0.5,32768,0.025,0.001,0.1,15.05,2,0.0,2194500,37701,36045,0.0,85,4389,1,1,0,0,0,0,0,0,0,0,1,33.31345081329346,6.6417317390441895,0.8428166442012228,0,0,0,0.0,0.0,0.0,0,0.0
0.5,32768,0.025,0.001,0.1,15.05,2,0.0,2194500,37701,36045,0.0,85,4389,1,1,0.013333333333333332,0.0,0.026666666666666665,0,0,1005,502,0,0,33.31345081329346,6.777640342712402,0.8428166442012228,498,988,0,1.32,0.0,2.62,1473,3.91
0.5,32768,0.025,0.001,0.1,15.05,2,0.0,2194500,37701,36045,0.0,85,4389,1,1,0.0,0.035555555555555556,0.0044444444444444444,0,1340,167,0,0,1,33.31345081329346,6.728109836578369,0.8428166442012228,0,167,1318,0.0,3.5,0.44,1480,3.93
0.5,32768,0.025,0.001,0.1,15.05,2,0.0,2194500,37701,36045,0.0,85,4389,1,1,0.035555555555555556,0.04,0.008888888888888889,0,1508,335,1340,0,0,33.31345081329346,6.831678628921509,0.8428166442012228,1323,332,1474,3.51,3.91,0.88,3047,8.08
0.5,32768,0.025,0.001,0.1,15.05,2,0.0,2194500,37701,36045,0.0,85,4389,1,1,0.026666666666666665,0.008888888888888889,0.0,0,335,0,1005,0,0,33.31345081329346,6.719480991363525,0.8428166442012228,986,0,331,2.62,0.88,0.0,1304,3.46
0.5,32768,0.025,0.001,0.1,15.05,2,0.0,2194500,37701,36045,0.0,85,4389,1,1,0.03111111111111111,0.0,0.04,0,0,1508,1172,0,0,33.31345081329346,6.777614116668701,0.8428166442012228,1153,1480,0,3.06,0.0,3.93,2579,6.84
0.5,32768,0.025,0.001,0.1,15.05,2,0.0,2194500,37701,36045,0.0,85,4389,1,1,0.0044444444444444444,0.026666666666666665,0.008888888888888889,0,1005,335,167,0,1,33.31345081329346,6.780415773391724,0.8428166442012228,167,331,992,0.44,2.63,0.88,1474,3.91
0.5,32768,0.025,0.001,0.1,15.05,2,0.0,2194500,37701,36045,0.0,85,4389,1,1,0.035555555555555556,0.013333333333333332,0.013333333333333332,0,502,502,1340,0,1,33.31345081329346,6.667479038238525,0.8428166442012228,1323,498,498,3.51,1.32,1.32,2289,6.07
0.5,32768,0.025,0.001,0.1,15.05,2,0.0,2194500,37701,36045,0.0,85,4389,1,1,0.0044444444444444444,0.022222222222222223,0.03111111111111111,0,837,1172,167,0,1,33.31345081329346,6.778146982192993,0.8428166442012228,167,1147,835,0.44,2.21,3.04,2117,5.62
0.5,32768,0.025,0.001,0.1,15.05,2,0.0,2194500,37701,36045,0.0,85,4389,1,1,0.0044444444444444444,0.04,0.0,0,1508,0,167,0,0,33.31345081329346,6.7311506271362305,0.8428166442012228,167,0,1475,0.44,3.91,0.0,1637,4.34
1.5,98304,0.025,0.001,0.1,12.89,2,0.0,6370500,110980,108135,0.0,155,12741,1,1,0,0,0,0,0,0,0,0,1,102.34575772285461,22.471269607543945,0.8589393666344468,0,0,0,0.0,0.0,0.0,0,0.0
1.5,98304,0.025,0.001,0.1,12.89,2,0.0,6370500,110980,108135,0.0,155,12741,-1,0,0.04,0.022222222222222223,0.04,0,2466,4439,4439,0,1,102.34575772285461,18.96226668357849,0.8589393666344468,4354,4343,2444,3.92,2.2,3.91,10805,9.74
1.5,98304,0.025,0.001,0.1,12.89,2,0.0,6370500,110980,108135,0.0,155,12741,1,1,0.017777777777777778,0.035555555555555556,0.013333333333333332,0,3945,1479,1972,0,1,102.34575772285461,22.50914978981018,0.8589393666344468,1957,1465,3887,1.76,3.5,1.32,7176,6.47
1.5,98304,0.025,0.001,0.1,12.89,2,0.0,6370500,110980,108135,0.0,155,12741,1,1,0.035555555555555556,0.03111111111111111,0.03111111111111111,0,3452,3452,3945,0,1,102.34575772285461,22.5863037109375,0.8589393666344468,3863,3410,3399,3.48,3.06,3.07,10338,9.32
1.5,98304,0.025,0.001,0.1,12.89,2,0.0,6370500,110980,108135,0.0,155,12741,1,1,0.017777777777777778,0.017777777777777778,0.026666666666666665,0,1972,2959,1972,0,0,102.34575772285461,22.587585926055908,0.8589393666344468,1954,2920,1961,1.76,1.77,2.63,6708,6.04
1.5,98304,0.025,0.001,0.1,12.89,2,0.0,6370500,110980,108135,0.0,155,12741,1,1,0.0044444444444444444,0.0,0.022222222222222223,0,0,2466,493,0,1,102.34575772285461,22.066431760787964,0.8589393666344468,492,2443,0,0.44,0.0,2.2,2919,2.63
1.5,98304,0.025,0.001,0.1,12.89,2,0.0,6370500,110980,108135,0.0,155,12741,1,1,0.04,0.022222222222222223,0.008888888888888889,0,2466,986,4439,0,1,102.34575772285461,22.597891330718994,0.8589393666344468,4359,981,2443,3.93,2.2,0.88,7626,6.87
1.5,98304,0.025,0.001,0.1,12.89,2,0.0,6370500,110980,108135,0.0,155,12741,1,1,0.017777777777777778,0.03111111111111111,0.0,0,3452,0,1972,0,0,102.34575772285461,22.770901918411255,0.8589393666344468,1951,0,3394,1.76,3.06,0.0,5292,4.77
1.5,98304,0.025,0.001,0.1,12.89,2,0.0,6370500,110980,108135,0.0,155,12741,1,1,0.03111111111111111,0.008888888888888889,0.026666666666666665,0,986,2959,3452,0,0,102.34575772285461,22.82399272918701,0.8589393666344468,3391,2910,981,3.06,0.88,2.62,7130,6.42
1.5,98304,0.025,0.001,0.1,12.89,2,0.0,6370500,110980,108135,0.0,155,12741,1,1,0.008888888888888889,0.022222222222222223,0.0,0,2466,0,986,0,1,102.34575772285461,22.670076370239258,0.8589393666344468,983,0,2441,0.89,2.2,0.0,3399,3.06
2.5,163840,0.025,0.001,0.1,12.16,2,0.0,10479000,183757,180224,0.0,190,20958,1,1,0,0,0,0,0,0,0,0,1,173.02375888824463,39.020211696624756,0.8645937380080841,0,0,0,0.0,0.0,0.0,0,0.0
2.5,163840,0.025,0.001,0.1,12.16,2,0.0,10479000,183757,180224,0.0,190,20958,1,1,0.026666666666666665,0.022222222222222223,0.035555555555555556,0,4083,6533,4900,0,1,173.02375888824463,39.74382472038269,0.8645937380080841,4831,6420,4034,2.63,2.2,3.49,14833,8.07
2.5,163840,0.025,0.001,0.1,12.16,2,0.0,10479000,183757,180224,0.0,190,20958,1,1,0.022222222222222223,0.03111111111111111,0.008888888888888889,0,5716,1633,4083,0,1,173.02375888824463,38.993582248687744,0.8645937380080841,4051,1623,5621,2.2,3.06,0.88,11078,6.03
2.5,163840,0.025,0.001,0.1,12.16,2,0.0,10479000,183757,180224,0.0,190,20958,1,1,0.04,0.0044444444444444444,0.03111111111111111,0,816,5716,7350,0,1,173.02375888824463,39.51249861717224,0.8645937380080841,7190,5615,814,3.91,0.44,3.06,13324,7.25
2.5,163840,0.025,0.001,0.1,12.16,2,0.0,10479000,183757,180224,0.0,190,20958,1,1,0.04,0.0,0.03111111111111111,0,0,5716,7350,0,1,173.02375888824463,39.27578783035278,0.8645937380080841,7204,5637,0,3.92,0.0,3.07,12639,6.88
2.5,163840,0.025,0.001,0.1,12.16,2,0.0,10479000,183757,180224,0.0,190,20958,1,1,0.04,0.0,0.0,0,0,0,7350,0,1,173.02375888824463,39.23151683807373,0.8645937380080841,7211,0,0,3.92,0.0,0.0,7211,3.92
2.5,163840,0.025,0.001,0.1,12.16,2,0.0,10479000,183757,180224,0.0,190,20958,1,1,0.026666666666666665,0.035555555555555556,0.013333333333333332,0,6533,2450,4900,0,1,173.02375888824463,39.28889560699463,0.8645937380080841,4840,2438,6402,2.63,3.48,1.33,13390,7.29
2.5,163840,0.025,0.001,0.1,12.16,2,0.0,10479000,183757,180224,0.0,190,20958,1,1,0.017777777777777778,0.022222222222222223,0.03111111111111111,0,4083,5716,3266,0,0,173.02375888824463,40.06941747665405,0.8645937380080841,3237,5631,4037,1.76,2.2,3.06,12647,6.88
2.5,163840,0.025,0.001,0.1,12.16,2,0.0,10479000,183757,180224,0.0,190,20958,1,1,0.026666666666666665,0.0,0.0044444444444444444,0,0,816,4900,0,1,173.02375888824463,39.01673769950867,0.8645937380080841,4849,814,0,2.64,0.0,0.44,5638,3.07
2.5,163840,0.025,0.001,0.1,12.16,2,0.0,10479000,183757,180224,0.0,190,20958,-1,0,0.026666666666666665,0.04,0.04,0,7350,7350,4900,0,1,173.02375888824463,37.13428258895874,0.8645937380080841,4823,7193,7210,2.62,3.92,3.91,18578,10.11
3.5,229376,0.025,0.001,0.1,12.06,2,0.0,14638500,257040,252314,0.0,228,29277,1,1,0,0,0,0,0,0,0,0,1,245.40004658699036,56.79448580741882,0.8653330692546379,0,0,0,0.0,0.0,0.0,0,0.0
3.5,229376,0.025,0.001,0.1,12.06,2,0.0,14638500,257040,252314,0.0,228,29277,1,1,0.022222222222222223,0.013333333333333332,0.035555555555555556,0,3427,9139,5711,0,1,245.40004658699036,57.73638081550598,0.8653330692546379,5642,8980,3406,2.19,1.33,3.49,17638,6.86
3.5,229376,0.025,0.001,0.1,12.06,2,0.0,14638500,257040,252314,0.0,228,29277,1,1,0.008888888888888889,0.022222222222222223,0.026666666666666665,0,5711,6854,2284,0,0,245.40004658699036,57.42660188674927,0.8653330692546379,2271,6769,5642,0.88,2.19,2.63,14408,5.61
3.5,229376,0.025,0.001,0.1,12.06,2,0.0,14638500,257040,252314,0.0,228,29277,1,1,0.026666666666666665,0.04,0.0044444444444444444,0,10281,1142,6854,0,1,245.40004658699036,57.50770568847656,0.8653330692546379,6777,1138,10068,2.64,3.92,0.44,17653,6.87
3.5,229376,0.025,0.001,0.1,12.06,2,0.0,14638500,257040,252314,0.0,228,29277,1,1,0.008888888888888889,0.026666666666666665,0.017777777777777778,0,6854,4569,2284,0,0,245.40004658699036,57.36473202705383,0.8653330692546379,2272,4529,6767,0.88,2.63,1.76,13346,5.19
3.5,229376,0.025,0.001,0.1,12.06,2,0.0,14638500,257040,252314,0.0,228,29277,1,1,0.008888888888888889,0.013333333333333332,0.0044444444444444444,0,3427,1142,2284,0,0,245.40004658699036,57.05692386627197,0.8653330692546379,2272,1140,3400,0.88,1.32,0.44,6752,2.63
3.5,229376,0.025,0.001,0.1,12.06,2,0.0,14638500,257040,252314,0.0,228,29277,1,1,0.022222222222222223,0.0044444444444444444,0.04,0,1142,10281,5711,0,0,245.40004658699036,57.538437843322754,0.8653330692546379,5651,10094,1139,2.2,0.44,3.93,16593,6.46
3.5,229376,0.025,0.001,0.1,12.06,2,0.0,14638500,257040,252314,0.0,228,29277,1,1,0.0,0.0,0.026666666666666665,0,0,6854,0,0,1,245.40004658699036,56.67524266242981,0.8653330692546379,0,6768,0,0.0,0.0,2.63,6768,2.63
3.5,229376,0.025,0.001,0.1,12.06,2,0.0,14638500,257040,252314,0.0,228,29277,1,1,0.0044444444444444444,0.017777777777777778,0.03111111111111111,0,4569,7996,1142,0,1,245.40004658699036,57.84940767288208,0.8653330692546379,1139,7882,4526,0.44,1.76,3.07,13342,5.19
3.5,229376,0.025,0.001,0.1,12.06,2,0.0,14638500,257040,252314,0.0,228,29277,1,1,0.03111111111111111,0.0,0.013333333333333332,0,0,3427,7996,0,1,245.40004658699036,56.89976453781128,0.8653330692546379,7856,3406,0,3.06,0.0,1.33,11160,4.34
4.5,294912,0.025,0.001,0.1,11.84,2,0.0,18869000,329835,324404,0.0,276,37738,1,1,0,0,0,0,0,0,0,0,1,319.28870487213135,72.76297855377197,0.8670252481612707,0,0,0,0.0,0.0,0.0,0,0.0
4.5,294912,0.025,0.001,0.1,11.84,2,0.0,18869000,329835,324404,0.0,276,37738,1,1,0.008888888888888889,0.017777777777777778,0.013333333333333332,0,5863,4397,2931,0,0,319.28870487213135,71.541583776474,0.8670252481612707,2919,4368,5819,0.88,1.76,1.32,12915,3.92
4.5,294912,0.025,0.001,0.1,11.84,2,0.0,18869000,329835,324404,0.0,276,37738,1,1,0.026666666666666665,0.017777777777777778,0.0,0,5863,0,8795,0,1,319.28870487213135,72.523197889328,0.8670252481612707,8685,0,5824,2.63,1.77,0.0,14356,4.35
4.5,294912,0.025,0.001,0.1,11.84,2,0.0,18869000,329835,324404,0.0,276,37738,1,1,0.03111111111111111,0.008888888888888889,0.03111111111111111,0,2931,10261,10261,0,1,319.28870487213135,72.1835572719574,0.8670252481612707,10097,10064,2922,3.06,0.89,3.05,22602,6.85
4.5,294912,0.025,0.001,0.1,11.84,2,0.0,18869000,329835,324404,0.0,276,37738,1,1,0.04,0.03111111111111111,0.0,0,10261,0,13193,0,0,319.28870487213135,71.44484758377075,0.8670252481612707,12939,0,10123,3.92,3.07,0.0,22672,6.87
4.5,294912,0.025,0.001,0.1,11.84,2,0.0,18869000,329835,324404,0.0,276,37738,1,1,0.017777777777777778,0.04,0.0044444444444444444,0,13193,1465,5863,0,1,319.28870487213135,71.97259020805359,0.8670252481612707,5803,1463,12936,1.76,3.92,0.44,19869,6.02
4.5,294912,0.025,0.001,0.1,11.84,2,0.0,18869000,329835,324404,0.0,276,37738,1,1,0.022222222222222223,0.035555555555555556,0.017777777777777778,0,11727,5863,7329,0,0,319.28870487213135,71.3696358203888,0.8670252481612707,7236,5815,11526,2.19,3.49,1.76,23972,7.27
4.5,294912,0.025,0.001,0.1,11.84,2,0.0,18869000,329835,324404,0.0,276,37738,1,1,0.0044444444444444444,0.04,0.0044444444444444444,0,13193,1465,1465,0,1,319.28870487213135,72.71545696258545,0.8670252481612707,1463,1463,12930,0.44,3.92,0.44,15717,4.77
4.5,294912,0.025,0.001,0.1,11.84,2,0.0,18869000,329835,324404,0.0,276,37738,1,1,0.03111111111111111,0.035555555555555556,0.0,0,11727,0,10261,0,1,319.28870487213135,72.90882468223572,0.8670252481612707,10081,0,11532,3.06,3.5,0.0,21259,6.45
4.5,294912,0.025,0.001,0.1,11.84,2,0.0,18869000,329835,324404,0.0,276,37738,1,1,0.026666666666666665,0.04,0.022222222222222223,0,13193,7329,8795,0,1,319.28870487213135,72.58586812019348,0.8670252481612707,8680,7252,12944,2.63,3.92,2.2,28078,8.51
5.5,360448,0.025,0.001,0.1,11.56,2,0.0,23158500,402108,396493,0.0,308,46317,1,1,0,0,0,0,0,0,0,0,1,376.9301221370697,89.10557794570923,0.8692324781733597,0,0,0,0.0,0.0,0.0,0,0.0
5.5,360448,0.025,0.001,0.1,11.56,2,0.0,23158500,402108,396493,0.0,308,46317,1,1,0.0044444444444444444,0.03111111111111111,0.035555555555555556,0,12509,14297,1787,0,0,376.9301221370697,90.60658693313599,0.8692324781733597,1785,14032,12318,0.44,3.06,3.49,27596,6.86
5.5,360448,0.025,0.001,0.1,11.56,2,0.0,23158500,402108,396493,0.0,308,46317,1,1,0.04,0.035555555555555556,0.0044444444444444444,0,14297,1787,16084,0,0,376.9301221370697,90.410484790802,0.8692324781733597,15764,1783,14017,3.92,3.49,0.44,30869,7.68
5.5,360448,0.025,0.001,0.1,11.56,2,0.0,23158500,402108,396493,0.0,308,46317,1,1,0.026666666666666665,0.035555555555555556,0.0,0,14297,0,10722,0,1,376.9301221370697,89.90274286270142,0.8692324781733597,10582,0,14038,2.63,3.49,0.0,24242,6.03
5.5,360448,0.025,0.001,0.1,11.56,2,0.0,23158500,402108,396493,0.0,308,46317,1,1,0.035555555555555556,0.035555555555555556,0.0044444444444444444,0,14297,1787,14297,0,1,376.9301221370697,90.43876314163208,0.8692324781733597,14034,1783,14072,3.49,3.5,0.44,29294,7.29
5.5,360448,0.025,0.001,0.1,11.56,2,0.0,23158500,402108,396493,0.0,308,46317,1,1,0.026666666666666665,0.013333333333333332,0.013333333333333332,0,5361,5361,10722,0,0,376.9301221370697,88.41384696960449,0.8692324781733597,10577,5321,5321,2.63,1.32,1.32,20864,5.19
5.5,360448,0.025,0.001,0.1,11.56,2,0.0,23158500,402108,396493,0.0,308,46317,1,1,0.035555555555555556,0.008888888888888889,0.026666666666666665,0,3574,10722,14297,0,1,376.9301221370697,91.95005679130554,0.8692324781733597,14065,10576,3562,3.5,0.89,2.63,27583,6.86
5.5,360448,0.025,0.001,0.1,11.56,2,0.0,23158500,402108,396493,0.0,308,46317,1,1,0.035555555555555556,0.013333333333333332,0.022222222222222223,0,5361,8935,14297,0,1,376.9301221370697,92.18330526351929,0.8692324781733597,14045,8838,5316,3.49,1.32,2.2,27595,6.86
5.5,360448,0.025,0.001,0.1,11.56,2,0.0,23158500,402108,396493,0.0,308,46317,1,1,0.013333333333333332,0.03111111111111111,0.026666666666666665,0,12509,10722,5361,0,0,376.9301221370697,91.55926299095154,0.8692324781733597,5332,10595,12307,1.33,3.06,2.63,27573,6.86
5.5,360448,0.025,0.001,0.1,11.56,2,0.0,23158500,402108,396493,0.0,308,46317,1,1,0.008888888888888889,0.008888888888888889,0.035555555555555556,0,3574,14297,3574,0,1,376.9301221370697,91.245849609375,0.8692324781733597,3560,14066,3560,0.89,0.89,3.5,20912,5.2
6.5,425984,0.025,0.001,0.1,11.5,2,0.0,27166500,474957,468583,0.0,334,54333,1,1,0,0,0,0,0,0,0,0,1,448.8135645389557,111.5051920413971,0.8697111400387697,0,0,0,0.0,0.0,0.0,0,0.0
6.5,425984,0.025,0.001,0.1,11.5,2,0.0,27166500,474957,468583,0.0,334,54333,1,1,0.013333333333333332,0.035555555555555556,0.03111111111111111,0,16887,14776,6332,0,1,448.8135645389557,111.90523052215576,0.8697111400387697,6284,14572,16598,1.32,3.49,3.07,36520,7.69
6.5,425984,0.025,0.001,0.1,11.5,2,0.0,27166500,474957,468583,0.0,334,54333,1,1,0.035555555555555556,0.008888888888888889,0.0,0,4221,0,16887,0,1,448.8135645389557,107.74450039863586,0.8697111400387697,16579,0,4197,3.49,0.88,0.0,20640,4.35
6.5,425984,0.025,0.001,0.1,11.5,2,0.0,27166500,474957,468583,0.0,334,54333,1,1,0.035555555555555556,0.022222222222222223,0.035555555555555556,0,10554,16887,16887,0,0,448.8135645389557,108.20056509971619,0.8697111400387697,16624,16569,10450,3.5,2.2,3.49,42321,8.91
6.5,425984,0.025,0.001,0.1,11.5,2,0.0,27166500,474957,468583,0.0,334,54333,1,1,0.035555555555555556,0.008888888888888889,0.017777777777777778,0,4221,8443,16887,0,1,448.8135645389557,112.3638117313385,0.8697111400387697,16577,8359,4199,3.49,0.88,1.76,28621,6.03
6.5,425984,0.025,0.001,0.1,11.5,2,0.0,27166500,474957,468583,0.0,334,54333,1,1,0.03111111111111111,0.026666666666666665,0.0044444444444444444,0,12665,2110,14776,0,1,448.8135645389557,112.20890665054321,0.8697111400387697,14586,2106,12518,3.07,2.64,0.44,28715,6.05
6.5,425984,0.025,0.001,0.1,11.5,2,0.0,27166500,474957,468583,0.0,334,54333,1,1,0.03111111111111111,0.04,0.008888888888888889,0,18998,4221,14776,0,1,448.8135645389557,109.12787461280823,0.8697111400387697,14530,4200,18623,3.06,3.92,0.88,36524,7.69
6.5,425984,0.025,0.001,0.1,11.5,2,0.0,27166500,474957,468583,0.0,334,54333,1,1,0.013333333333333332,0.017777777777777778,0.026666666666666665,0,8443,12665,6332,0,0,448.8135645389557,110.26152467727661,0.8697111400387697,6297,12483,8374,1.33,1.76,2.63,26673,5.62
6.5,425984,0.025,0.001,0.1,11.5,2,0.0,27166500,474957,468583,0.0,334,54333,1,1,0.026666666666666665,0.0,0.008888888888888889,0,0,4221,12665,0,0,448.8135645389557,109.36432981491089,0.8697111400387697,12518,4203,0,2.64,0.0,0.88,16595,3.49
6.5,425984,0.025,0.001,0.1,11.5,2,0.0,27166500,474957,468583,0.0,334,54333,1,1,0.04,0.022222222222222223,0.035555555555555556,0,10554,16887,18998,0,1,448.8135645389557,110.78622078895569,0.8697111400387697,18645,16601,10439,3.93,2.2,3.5,44237,9.31
7.5,491520,0.025,0.001,0.1,11.57,2,0.0,31355500,548369,540672,0.0,373,62711,1,1,0,0,0,0,0,0,0,0,1,527.3193709850311,130.61098861694336,0.8691692173435306,0,0,0,0.0,0.0,0.0,0,0.0
7.5,491520,0.025,0.001,0.1,11.57,2,0.0,31355500,548369,540672,0.0,373,62711,1,1,0.03111111111111111,0.013333333333333332,0.0044444444444444444,0,7311,2437,17060,0,1,527.3193709850311,128.4521872997284,0.8691692173435306,16783,2431,7253,3.06,1.32,0.44,26141,4.77
7.5,491520,0.025,0.001,0.1,11.57,2,0.0,31355500,548369,540672,0.0,373,62711,1,1,0.0,0.04,0.022222222222222223,0,21934,12185,0,0,1,527.3193709850311,132.7961688041687,0.8691692173435306,0,12060,21471,0.0,3.92,2.2,33044,6.03
7.5,491520,0.025,0.001,0.1,11.57,2,0.0,31355500,548369,540672,0.0,373,62711,1,1,0.035555555555555556,0.008888888888888889,0.008888888888888889,0,4874,4874,19497,0,1,527.3193709850311,132.9537386894226,0.8691692173435306,19129,4847,4856,3.49,0.89,0.88,28443,5.19
7.5,491520,0.025,0.001,0.1,11.57,2,0.0,31355500,548369,540672,0.0,373,62711,1,1,0.035555555555555556,0.026666666666666665,0.013333333333333332,0,14623,7311,19497,0,0,527.3193709850311,131.8194718360901,0.8691692173435306,19151,7270,14434,3.49,2.63,1.33,39884,7.27
7.5,491520,0.025,0.001,0.1,11.57,2,0.0,31355500,548369,540672,0.0,373,62711,1,1,0.026666666666666665,0.03111111111111111,0.03111111111111111,0,17060,17060,14623,0,0,527.3193709850311,130.46796774864197,0.8691692173435306,14412,16761,16809,2.63,3.07,3.06,46549,8.49
7.5,491520,0.025,0.001,0.1,11.57,2,0.0,31355500,548369,540672,0.0,373,62711,1,1,0.022222222222222223,0.03111111111111111,0.017777777777777778,0,17060,9748,12185,0,0,527.3193709850311,132.14476561546326,0.8691692173435306,12043,9658,16825,2.2,3.07,1.76,37692,6.87
7.5,491520,0.025,0.001,0.1,11.57,2,0.0,31355500,548369,540672,0.0,373,62711,1,1,0.013333333333333332,0.017777777777777778,0.013333333333333332,0,9748,7311,7311,0,1,527.3193709850311,131.30457949638367,0.8691692173435306,7262,7245,9666,1.32,1.76,1.32,23848,4.35
7.5,491520,0.025,0.001,0.1,11.57,2,0.0,31355500,548369,540672,0.0,373,62711,1,1,0.026666666666666665,0.04,0.035555555555555556,0,21934,19497,14623,0,1,527.3193709850311,130.26905846595764,0.8691692173435306,14437,19156,21484,2.63,3.92,3.49,53296,9.72
7.5,491520,0.025,0.001,0.1,11.57,2,0.0,31355500,548369,540672,0.0,373,62711,1,1,0.017777777777777778,0.04,0.026666666666666665,0,21934,14623,9748,0,0,527.3193709850311,130.9204568862915,0.8691692173435306,9658,14446,21459,1.76,3.91,2.63,44348,8.09
8.5,557056,0.025,0.001,0.1,11.44,2,0.0,35731500,620766,612762,0.0,385,71463,1,1,0,0,0,0,0,0,0,0,1,604.4307475090027,149.30828070640564,0.8701757427944107,0,0,0,0.0,0.0,0.0,0,0.0
8.5,557056,0.025,0.001,0.1,11.44,2,0.0,35731500,620766,612762,0.0,385,71463,1,1,0.017777777777777778,0.013333333333333332,0.035555555555555556,0,8276,22071,11035,0,0,604.4307475090027,146.92639780044556,0.8701757427944107,10940,21685,8226,1.76,1.33,3.49,40030,6.45
8.5,557056,0.025,0.001,0.1,11.44,2,0.0,35731500,620766,612762,0.0,385,71463,1,1,0.0044444444444444444,0.035555555555555556,0.022222222222222223,0,22071,13794,2758,0,0,604.4307475090027,150.02342295646667,0.8701757427944107,2753,13652,21692,0.44,3.49,2.2,37444,6.03
8.5,557056,0.025,0.001,0.1,11.44,2,0.0,35731500,620766,612762,0.0,385,71463,1,1,0.026666666666666665,0.04,0.035555555555555556,0,24830,22071,16553,0,1,604.4307475090027,149.83555221557617,0.8701757427944107,16325,21657,24331,2.63,3.92,3.49,60241,9.7
8.5,557056,0.025,0.001,0.1,11.44,2,0.0,35731500,620766,612762,0.0,385,71463,1,1,0.026666666666666665,0.022222222222222223,0.026666666666666665,0,13794,16553,16553,0,0,604.4307475090027,151.09913301467896,0.8701757427944107,16335,16325,13636,2.63,2.2,2.63,45128,7.27
8.5,557056,0.025,0.001,0.1,11.44,2,0.0,35731500,620766,612762,0.0,385,71463,1,1,0.017777777777777778,0.026666666666666665,0.0,0,16553,0,11035,0,0,604.4307475090027,150.50758624076843,0.8701757427944107,10946,0,16352,1.76,2.63,0.0,27023,4.35
8.5,557056,0.025,0.001,0.1,11.44,2,0.0,35731500,620766,612762,0.0,385,71463,1,1,0.026666666666666665,0.026666666666666665,0.013333333333333332,0,16553,8276,16553,0,0,604.4307475090027,147.99118661880493,0.8701757427944107,16334,8221,16354,2.63,2.63,1.32,40037,6.45
8.5,557056,0.025,0.001,0.1,11.44,2,0.0,35731500,620766,612762,0.0,385,71463,1,1,0.0044444444444444444,0.0,0.026666666666666665,0,0,16553,2758,0,0,604.4307475090027,147.6846423149109,0.8701757427944107,2752,16336,0,0.44,0.0,2.63,19025,3.06
8.5,557056,0.025,0.001,0.1,11.44,2,0.0,35731500,620766,612762,0.0,385,71463,1,1,0.03111111111111111,0.04,0.017777777777777778,0,24830,11035,19312,0,0,604.4307475090027,148.93447422981262,0.8701757427944107,19014,10937,24315,3.06,3.92,1.76,52778,8.5
8.5,557056,0.025,0.001,0.1,11.44,2,0.0,35731500,620766,612762,0.0,385,71463,1,1,0.017777777777777778,0.017777777777777778,0.022222222222222223,0,11035,13794,11035,0,1,604.4307475090027,148.28584361076355,0.8701757427944107,10948,13642,10944,1.76,1.76,2.2,34865,5.62
9.5,622592,0.025,0.001,0.1,11.37,2,0.0,39779000,693405,684852,0.0,423,79558,1,1,0,0,0,0,0,0,0,0,1,667.142501115799,164.01956748962402,0.8706680450206961,0,0,0,0.0,0.0,0.0,0,0.0
9.5,622592,0.025,0.001,0.1,11.37,2,0.0,39779000,693405,684852,0.0,423,79558,1,1,0.03111111111111111,0.0044444444444444444,0.022222222222222223,0,3081,15408,21572,0,1,667.142501115799,164.96893000602722,0.8706680450206961,21241,15240,3077,3.06,0.44,2.2,38956,5.62
9.5,622592,0.025,0.001,0.1,11.37,2,0.0,39779000,693405,684852,0.0,423,79558,1,1,0.0,0.035555555555555556,0.008888888888888889,0,24654,6163,0,0,1,667.142501115799,167.9173710346222,0.8706680450206961,0,6132,24220,0.0,3.49,0.88,30140,4.35
9.5,622592,0.025,0.001,0.1,11.37,2,0.0,39779000,693405,684852,0.0,423,79558,1,1,0.008888888888888889,0.04,0.026666666666666665,0,27736,18490,6163,0,1,667.142501115799,170.48447442054749,0.8706680450206961,6132,18248,27196,0.88,3.92,2.63,50473,7.28
9.5,622592,0.025,0.001,0.1,11.37,2,0.0,39779000,693405,684852,0.0,423,79558,1,1,0.0,0.04,0.022222222222222223,0,27736,15408,0,0,0,667.142501115799,167.31956362724304,0.8706680450206961,0,15236,27220,0.0,3.93,2.2,41847,6.04
9.5,622592,0.025,0.001,0.1,11.37,2,0.0,39779000,693405,684852,0.0,423,79558,1,1,0.0044444444444444444,0.013333333333333332,0.035555555555555556,0,9245,24654,3081,0,1,667.142501115799,167.30287075042725,0.8706680450206961,3073,24224,9187,0.44,1.32,3.49,35995,5.19
9.5,622592,0.025,0.001,0.1,11.37,2,0.0,39779000,693405,684852,0.0,423,79558,1,1,0.026666666666666665,0.0044444444444444444,0.022222222222222223,0,3081,15408,18490,0,1,667.142501115799,168.42416715621948,0.8706680450206961,18241,15234,3080,2.63,0.44,2.2,36017,5.19
9.5,622592,0.025,0.001,0.1,11.37,2,0.0,39779000,693405,684852,0.0,423,79558,1,1,0.013333333333333332,0.008888888888888889,0.017777777777777778,0,6163,12327,9245,0,1,667.142501115799,168.80961418151855,0.8706680450206961,9188,12217,6142,1.33,0.89,1.76,27205,3.92
9.5,622592,0.025,0.001,0.1,11.37,2,0.0,39779000,693405,684852,0.0,423,79558,1,1,0.0,0.013333333333333332,0.022222222222222223,0,9245,15408,0,0,1,667.142501115799,169.92300701141357,0.8706680450206961,0,15238,9170,0.0,1.32,2.2,24184,3.49
9.5,622592,0.025,0.001,0.1,11.37,2,0.0,39779000,693405,684852,0.0,423,79558,1,1,0.04,0.026666666666666665,0.0,0,18490,0,27736,0,0,667.142501115799,174.9660928249359,0.8706680450206961,27202,0,18268,3.92,2.63,0.0,44762,6.46
10.5,688128,0.025,0.001,0.1,11.3,2,0.0,44096500,765877,756941,0.0,444,88193,1,1,0,0,0,0,0,0,0,0,1,747.2449193000793,187.5067687034607,0.8712569203196289,0,0,0,0.0,0.0,0.0,0,0.0
10.5,688128,0.025,0.001,0.1,11.3,2,0.0,44096500,765877,756941,0.0,444,88193,1,1,0.04,0.008888888888888889,0.0044444444444444444,0,6807,3403,30635,0,1,747.2449193000793,186.74689984321594,0.8712569203196289,30043,3395,6772,3.92,0.88,0.44,39801,5.2
10.5,688128,0.025,0.001,0.1,11.3,2,0.0,44096500,765877,756941,0.0,444,88193,1,1,0.035555555555555556,0.022222222222222223,0.04,0,17019,30635,27231,0,0,747.2449193000793,190.601003408432,0.8712569203196289,26738,30033,16819,3.49,2.2,3.92,71296,9.31
10.5,688128,0.025,0.001,0.1,11.3,2,0.0,44096500,765877,756941,0.0,444,88193,1,1,0.008888888888888889,0.008888888888888889,0.035555555555555556,0,6807,27231,6807,0,1,747.2449193000793,186.7886824607849,0.8712569203196289,6777,26775,6776,0.88,0.88,3.5,39832,5.2
10.5,688128,0.025,0.001,0.1,11.3,2,0.0,44096500,765877,756941,0.0,444,88193,1,1,0.04,0.0,0.0,0,0,0,30635,0,0,747.2449193000793,186.66427779197693,0.8712569203196289,30028,0,0,3.92,0.0,0.0,30028,3.92
10.5,688128,0.025,0.001,0.1,11.3,2,0.0,44096500,765877,756941,0.0,444,88193,1,1,0.0044444444444444444,0.017777777777777778,0.03111111111111111,0,13615,23827,3403,0,0,747.2449193000793,187.38616061210632,0.8712569203196289,3399,23457,13498,0.44,1.76,3.06,39772,5.19
10.5,688128,0.025,0.001,0.1,11.3,2,0.0,44096500,765877,756941,0.0,444,88193,1,1,0.04,0.022222222222222223,0.022222222222222223,0,17019,17019,30635,0,1,747.2449193000793,186.7578523159027,0.8712569203196289,30057,16839,16838,3.92,2.2,2.2,62031,8.1
10.5,688128,0.025,0.001,0.1,11.3,2,0.0,44096500,765877,756941,0.0,444,88193,1,1,0.0,0.022222222222222223,0.035555555555555556,0,17019,27231,0,0,0,747.2449193000793,192.1758677959442,0.8712569203196289,0,26753,16831,0.0,2.2,3.49,43016,5.62
10.5,688128,0.025,0.001,0.1,11.3,2,0.0,44096500,765877,756941,0.0,444,88193,1,1,0.022222222222222223,0.008888888888888889,0.022222222222222223,0,6807,17019,17019,0,0,747.2449193000793,188.4564332962036,0.8712569203196289,16818,16818,6778,2.2,0.88,2.2,39769,5.19
10.5,688128,0.025,0.001,0.1,11.3,2,0.0,44096500,765877,756941,0.0,444,88193,1,1,0.026666666666666665,0.013333333333333332,0.035555555555555556,0,10211,27231,20423,0,0,747.2449193000793,190.18275356292725,0.8712569203196289,20122,26718,10149,2.63,1.33,3.49,55625,7.26
11.5,753664,0.025,0.001,0.1,11.16,2,0.0,48144500,837770,829031,0.0,494,96289,1,1,0,0,0,0,0,0,0,0,1,816.935498714447,203.08986115455627,0.8723464637904161,0,0,0,0.0,0.0,0.0,0,0.0
11.5,753664,0.025,0.001,0.1,11.16,2,0.0,48144500,837770,829031,0.0,494,96289,1,1,0.022222222222222223,0.008888888888888889,0.035555555555555556,0,7446,29787,18617,0,0,816.935498714447,203.16668725013733,0.8723464637904161,18412,29298,7407,2.2,0.88,3.5,54035,6.45
11.5,753664,0.025,0.001,0.1,11.16,2,0.0,48144500,837770,829031,0.0,494,96289,1,1,0.022222222222222223,0.008888888888888889,0.017777777777777778,0,7446,14893,18617,0,1,816.935498714447,204.51079845428467,0.8723464637904161,18439,14758,7419,2.2,0.89,1.76,40001,4.77
11.5,753664,0.025,0.001,0.1,11.16,2,0.0,48144500,837770,829031,0.0,494,96289,1,1,0.026666666666666665,0.008888888888888889,0.035555555555555556,0,7446,29787,22340,0,1,816.935498714447,205.9592216014862,0.8723464637904161,22033,29217,7415,2.63,0.89,3.49,57408,6.85
11.5,753664,0.025,0.001,0.1,11.16,2,0.0,48144500,837770,829031,0.0,494,96289,1,1,0.035555555555555556,0.008888888888888889,0.0,0,7446,0,29787,0,0,816.935498714447,203.53034496307373,0.8723464637904161,29245,0,7414,3.49,0.88,0.0,36391,4.34
11.5,753664,0.025,0.001,0.1,11.16,2,0.0,48144500,837770,829031,0.0,494,96289,1,1,0.035555555555555556,0.03111111111111111,0.035555555555555556,0,26063,29787,29787,0,1,816.935498714447,204.8393235206604,0.8723464637904161,29260,29296,25663,3.49,3.06,3.5,81396,9.72
11.5,753664,0.025,0.001,0.1,11.16,2,0.0,48144500,837770,829031,0.0,494,96289,1,1,0.008888888888888889,0.0044444444444444444,0.017777777777777778,0,3723,14893,7446,0,0,816.935498714447,198.75374913215637,0.8723464637904161,7411,14744,3715,0.88,0.44,1.76,25638,3.06
11.5,753664,0.025,0.001,0.1,11.16,2,0.0,48144500,837770,829031,0.0,494,96289,1,1,0.0,0.035555555555555556,0.017777777777777778,0,29787,14893,0,0,0,816.935498714447,203.79270672798157,0.8723464637904161,0,14731,29293,0.0,3.5,1.76,43500,5.19
11.5,753664,0.025,0.001,0.1,11.16,2,0.0,48144500,837770,829031,0.0,494,96289,1,1,0.022222222222222223,0.022222222222222223,0.017777777777777778,0,18617,14893,18617,0,0,816.935498714447,207.89351606369019,0.8723464637904161,18398,14752,18395,2.2,2.2,1.76,50519,6.03
11.5,753664,0.025,0.001,0.1,11.16,2,0.0,48144500,837770,829031,0.0,494,96289,1,1,0.0044444444444444444,0.03111111111111111,0.0044444444444444444,0,26063,3723,3723,0,1,816.935498714447,204.75241661071777,0.8723464637904161,3716,3716,25686,0.44,3.07,0.44,32872,3.92
12.5,819200,0.025,0.001,0.1,11.13,2,0.0,52416500,910400,901121,0.0,488,104833,1,1,0,0,0,0,0,0,0,0,1,894.9744298458099,225.72904706001282,0.8725568514672205,0,0,0,0.0,0.0,0.0,0,0.0
12.5,819200,0.025,0.001,0.1,11.13,2,0.0,52416500,910400,901121,0.0,488,104833,1,1,0.0,0.035555555555555556,0.008888888888888889,0,32369,8092,0,0,1,894.9744298458099,224.77333688735962,0.8725568514672205,0,8043,31754,0.0,3.49,0.88,39514,4.34
12.5,819200,0.025,0.001,0.1,11.13,2,0.0,52416500,910400,901121,0.0,488,104833,1,1,0.017777777777777778,0.04,0.0,0,36415,0,16184,0,1,894.9744298458099,222.35441160202026,0.8725568514672205,16046,0,35677,1.76,3.92,0.0,51077,5.61
12.5,819200,0.025,0.001,0.1,11.13,2,0.0,52416500,910400,901121,0.0,488,104833,1,1,0.026666666666666665,0.0044444444444444444,0.008888888888888889,0,4046,8092,24277,0,0,894.9744298458099,221.00536370277405,0.8725568514672205,23947,8054,4038,2.63,0.44,0.88,35687,3.92
12.5,819200,0.025,0.001,0.1,11.13,2,0.0,52416500,910400,901121,0.0,488,104833,1,1,0.0044444444444444444,0.04,0.035555555555555556,0,36415,32369,4046,0,0,894.9744298458099,226.16388845443726,0.8725568514672205,4039,31810,35661,0.44,3.92,3.49,69950,7.68
12.5,819200,0.025,0.001,0.1,11.13,2,0.0,52416500,910400,901121,0.0,488,104833,1,1,0.026666666666666665,0.026666666666666665,0.04,0,24277,36415,24277,0,0,894.9744298458099,227.84778332710266,0.8725568514672205,23986,35703,23979,2.63,2.63,3.92,81167,8.92
12.5,819200,0.025,0.001,0.1,11.13,2,0.0,52416500,910400,901121,0.0,488,104833,1,1,0.017777777777777778,0.0044444444444444444,0.017777777777777778,0,4046,16184,16184,0,0,894.9744298458099,216.00265765190125,0.8725568514672205,16048,16030,4042,1.76,0.44,1.76,35680,3.92
12.5,819200,0.025,0.001,0.1,11.13,2,0.0,52416500,910400,901121,0.0,488,104833,1,1,0.013333333333333332,0.022222222222222223,0.0,0,20231,0,12138,0,1,894.9744298458099,218.22219276428223,0.8725568514672205,12066,0,19988,1.33,2.2,0.0,31796,3.49
12.5,819200,0.025,0.001,0.1,11.13,2,0.0,52416500,910400,901121,0.0,488,104833,1,1,0.03111111111111111,0.013333333333333332,0.022222222222222223,0,12138,20231,28323,0,1,894.9744298458099,218.6893446445465,0.8725568514672205,27869,19998,12052,3.06,1.32,2.2,58622,6.44
12.5,819200,0.025,0.001,0.1,11.13,2,0.0,52416500,910400,901121,0.0,488,104833,1,1,0.0044444444444444444,0.022222222222222223,0.0044444444444444444,0,20231,4046,4046,0,1,894.9744298458099,218.2385938167572,0.8725568514672205,4035,4038,20025,0.44,2.2,0.44,27887,3.06
13.5,884736,0.025,0.001,0.1,11.14,2,0.0,56351000,983295,973210,0.0,519,112702,1,1,0,0,0,0,0,0,0,0,1,950.0727760791779,243.91360926628113,0.8725009464929835,0,0,0,0.0,0.0,0.0,0,0.0
13.5,884736,0.025,0.001,0.1,11.14,2,0.0,56351000,983295,973210,0.0,519,112702,1,1,0.035555555555555556,0.013333333333333332,0.0,0,13110,0,34961,0,1,950.0727760791779,246.70353841781616,0.8725009464929835,34432,0,13028,3.5,1.32,0.0,47058,4.79
13.5,884736,0.025,0.001,0.1,11.14,2,0.0,56351000,983295,973210,0.0,519,112702,1,1,0.022222222222222223,0.03111111111111111,0.026666666666666665,0,30591,26221,21850,0,0,950.0727760791779,245.75757026672363,0.8725009464929835,21635,25889,30121,2.2,3.06,2.63,75601,7.69
13.5,884736,0.025,0.001,0.1,11.14,2,0.0,56351000,983295,973210,0.0,519,112702,1,1,0.04,0.0,0.0,0,0,0,39331,0,0,950.0727760791779,242.8823356628418,0.8725009464929835,38492,0,0,3.91,0.0,0.0,38492,3.91
13.5,884736,0.025,0.001,0.1,11.14,2,0.0,56351000,983295,973210,0.0,519,112702,1,1,0.0044444444444444444,0.035555555555555556,0.013333333333333332,0,34961,13110,4370,0,0,950.0727760791779,245.03979873657227,0.8725009464929835,4364,13033,34349,0.44,3.49,1.33,51084,5.2
13.5,884736,0.025,0.001,0.1,11.14,2,0.0,56351000,983295,973210,0.0,519,112702,1,1,0.008888888888888889,0.03111111111111111,0.035555555555555556,0,30591,34961,8740,0,1,950.0727760791779,247.08259344100952,0.8725009464929835,8703,34372,30119,0.89,3.06,3.5,71575,7.28
13.5,884736,0.025,0.001,0.1,11.14,2,0.0,56351000,983295,973210,0.0,519,112702,1,1,0.03111111111111111,0.017777777777777778,0.035555555555555556,0,17480,34961,30591,0,0,950.0727760791779,242.0303041934967,0.8725009464929835,30143,34349,17348,3.07,1.76,3.49,79624,8.1
13.5,884736,0.025,0.001,0.1,11.14,2,0.0,56351000,983295,973210,0.0,519,112702,1,1,0.035555555555555556,0.0044444444444444444,0.035555555555555556,0,4370,34961,34961,0,0,950.0727760791779,244.8262050151825,0.8725009464929835,34333,34387,4358,3.49,0.44,3.5,71571,7.28
13.5,884736,0.025,0.001,0.1,11.14,2,0.0,56351000,983295,973210,0.0,519,112702,1,1,0.03111111111111111,0.017777777777777778,0.0,0,17480,0,30591,0,1,950.0727760791779,243.20605325698853,0.8725009464929835,30111,0,17324,3.06,1.76,0.0,46901,4.77
13.5,884736,0.025,0.001,0.1,11.14,2,0.0,56351000,983295,973210,0.0,519,112702,1,1,0.026666666666666665,0.008888888888888889,0.013333333333333332,0,8740,13110,26221,0,1,950.0727760791779,240.99694800376892,0.8725009464929835,25890,13019,8707,2.63,0.89,1.32,46939,4.77
14.5,950272,0.025,0.001,0.1,11.14,2,0.0,60464500,1056108,1045300,0.0,556,120929,1,1,0,0,0,0,0,0,0,0,1,1025.3262400627136,258.6283118724823,0.8725204986496445,0,0,0,0.0,0.0,0.0,0,0.0
14.5,950272,0.025,0.001,0.1,11.14,2,0.0,60464500,1056108,1045300,0.0,556,120929,1,1,0.013333333333333332,0.022222222222222223,0.03111111111111111,0,23469,32856,14081,0,0,1025.3262400627136,261.353084564209,0.8725204986496445,13983,32362,23249,1.32,2.2,3.06,68187,6.46
14.5,950272,0.025,0.001,0.1,11.14,2,0.0,60464500,1056108,1045300,0.0,556,120929,1,1,0.0,0.013333333333333332,0.03111111111111111,0,14081,32856,0,0,1,1025.3262400627136,262.4586501121521,0.8725204986496445,0,32365,13983,0.0,1.32,3.06,45928,4.35
14.5,950272,0.025,0.001,0.1,11.14,2,0.0,60464500,1056108,1045300,0.0,556,120929,1,1,0.03111111111111111,0.0044444444444444444,0.008888888888888889,0,4693,9387,32856,0,1,1025.3262400627136,265.6025002002716,0.8725204986496445,32340,9346,4683,3.06,0.44,0.88,45894,4.35
14.5,950272,0.025,0.001,0.1,11.14,2,0.0,60464500,1056108,1045300,0.0,556,120929,1,1,0.017777777777777778,0.0,0.008888888888888889,0,0,9387,18775,0,0,1025.3262400627136,259.0677661895752,0.8725204986496445,18627,9358,0,1.76,0.0,0.89,27828,2.63
14.5,950272,0.025,0.001,0.1,11.14,2,0.0,60464500,1056108,1045300,0.0,556,120929,1,1,0.03111111111111111,0.022222222222222223,0.035555555555555556,0,23469,37550,32856,0,0,1025.3262400627136,267.0304207801819,0.8725204986496445,32331,36875,23233,3.06,2.2,3.49,89875,8.51
14.5,950272,0.025,0.001,0.1,11.14,2,0.0,60464500,1056108,1045300,0.0,556,120929,1,1,0.008888888888888889,0.04,0.013333333333333332,0,42244,14081,9387,0,1,1025.3262400627136,261.78183817863464,0.8725204986496445,9336,13992,41401,0.88,3.92,1.32,63647,6.03
14.5,950272,0.025,0.001,0.1,11.14,2,0.0,60464500,1056108,1045300,0.0,556,120929,1,1,0.017777777777777778,0.0044444444444444444,0.008888888888888889,0,4693,9387,18775,0,0,1025.3262400627136,263.4635534286499,0.8725204986496445,18617,9337,4682,1.76,0.44,0.88,32347,3.06
14.5,950272,0.025,0.001,0.1,11.14,2,0.0,60464500,1056108,1045300,0.0,556,120929,1,1,0.008888888888888889,0.008888888888888889,0.026666666666666665,0,9387,28162,9387,0,0,1025.3262400627136,263.31339931488037,0.8725204986496445,9341,27801,9348,0.88,0.89,2.63,45947,4.35
14.5,950272,0.025,0.001,0.1,11.14,2,0.0,60464500,1056108,1045300,0.0,556,120929,1,1,0.008888888888888889,0.017777777777777778,0.017777777777777778,0,18775,18775,9387,0,0,1025.3262400627136,263.42355966567993,0.8725204986496445,9344,18615,18614,0.88,1.76,1.76,45935,4.35
15.5,1015808,0.025,0.001,0.1,11.02,2,0.0,64434500,1127751,1117389,0.0,560,128869,1,1,0,0,0,0,0,0,0,0,1,1089.8243143558502,283.36804699897766,0.8734427541132213,0,0,0,0.0,0.0,0.0,0,0.0
15.5,1015808,0.025,0.001,0.1,11.02,2,0.0,64434500,1127751,1117389,0.0,560,128869,1,1,0.017777777777777778,0.035555555555555556,0.026666666666666665,0,40097,30073,20048,0,1,1089.8243143558502,288.82076478004456,0.8734427541132213,19862,29665,39403,1.76,3.49,2.63,86715,7.69
15.5,1015808,0.025,0.001,0.1,11.02,2,0.0,64434500,1127751,1117389,0.0,560,128869,1,1,0.017777777777777778,0.017777777777777778,0.008888888888888889,0,20048,10024,20048,0,1,1089.8243143558502,282.9591553211212,0.8734427541132213,19872,9979,19867,1.76,1.76,0.88,48970,4.34
15.5,1015808,0.025,0.001,0.1,11.02,2,0.0,64434500,1127751,1117389,0.0,560,128869,1,1,0.026666666666666665,0.03111111111111111,0.0,0,35085,0,30073,0,1,1089.8243143558502,283.98090052604675,0.8734427541132213,29707,0,34558,2.63,3.06,0.0,63348,5.62
15.5,1015808,0.025,0.001,0.1,11.02,2,0.0,64434500,1127751,1117389,0.0,560,128869,1,1,0.04,0.022222222222222223,0.03111111111111111,0,25061,35085,45110,0,1,1089.8243143558502,284.7449312210083,0.8734427541132213,44239,34545,24777,3.92,2.2,3.06,100549,8.92
15.5,1015808,0.025,0.001,0.1,11.02,2,0.0,64434500,1127751,1117389,0.0,560,128869,1,1,0.008888888888888889,0.022222222222222223,0.0,0,25061,0,10024,0,0,1089.8243143558502,277.56846141815186,0.8734427541132213,9973,0,24766,0.88,2.2,0.0,34526,3.06
15.5,1015808,0.025,0.001,0.1,11.02,2,0.0,64434500,1127751,1117389,0.0,560,128869,1,1,0.0044444444444444444,0.0,0.013333333333333332,0,0,15036,5012,0,0,1089.8243143558502,282.21567487716675,0.8734427541132213,5001,14940,0,0.44,0.0,1.32,19873,1.76
15.5,1015808,0.025,0.001,0.1,11.02,2,0.0,64434500,1127751,1117389,0.0,560,128869,1,1,0.022222222222222223,0.008888888888888889,0.035555555555555556,0,10024,40097,25061,0,1,1089.8243143558502,288.64902782440186,0.8734427541132213,24804,39423,9980,2.2,0.88,3.5,72774,6.45
15.5,1015808,0.025,0.001,0.1,11.02,2,0.0,64434500,1127751,1117389,0.0,560,128869,1,1,0.03111111111111111,0.03111111111111111,0.008888888888888889,0,35085,10024,35085,0,1,1089.8243143558502,293.7663576602936,0.8734427541132213,34549,9989,34566,3.06,3.07,0.89,77428,6.87
15.5,1015808,0.025,0.001,0.1,11.02,2,0.0,64434500,1127751,1117389,0.0,560,128869,1,1,0.0,0.017777777777777778,0.035555555555555556,0,20048,40097,0,0,1,1089.8243143558502,293.3434498310089,0.8734427541132213,0,39399,19854,0.0,1.76,3.49,58564,5.19
16.5,1081344,0.025,0.001,0.1,11.05,2,0.0,69205500,1200822,1189479,0.0,572,138411,1,1,0,0,0,0,0,0,0,0,1,1216.1245472431183,313.4525408744812,0.8732151809343933,0,0,0,0.0,0.0,0.0,0,0.0
16.5,1081344,0.025,0.001,0.1,11.05,2,0.0,69205500,1200822,1189479,0.0,572,138411,1,1,0.04,0.03111111111111111,0.026666666666666665,0,37358,32021,48032,0,1,1216.1245472431183,315.48671317100525,0.8732151809343933,47037,31588,36795,3.92,3.06,2.63,111818,9.31
16.5,1081344,0.025,0.001,0.1,11.05,2,0.0,69205500,1200822,1189479,0.0,572,138411,-1,0,0.03111111111111111,0.035555555555555556,0.04,0,42695,48032,37358,0,0,1216.1245472431183,236.8528757095337,0.8732151809343933,36777,47060,41931,3.06,3.49,3.92,121409,10.11
16.5,1081344,0.025,0.001,0.1,11.05,2,0.0,69205500,1200822,1189479,0.0,572,138411,1,1,0.017777777777777778,0.013333333333333332,0.0044444444444444444,0,16010,5336,21347,0,0,1216.1245472431183,309.9538006782532,0.8732151809343933,21147,5326,15910,1.76,1.32,0.44,41928,3.49
16.5,1081344,0.025,0.001,0.1,11.05,2,0.0,69205500,1200822,1189479,0.0,572,138411,1,1,0.022222222222222223,0.03111111111111111,0.013333333333333332,0,37358,16010,26684,0,0,1216.1245472431183,315.18357038497925,0.8732151809343933,26400,15927,36762,2.2,3.06,1.33,77472,6.45
16.5,1081344,0.025,0.001,0.1,11.05,2,0.0,69205500,1200822,1189479,0.0,572,138411,1,1,0.017777777777777778,0.03111111111111111,0.03111111111111111,0,37358,37358,21347,0,0,1216.1245472431183,306.68550515174866,0.8732151809343933,21169,36766,36808,1.76,3.07,3.06,92420,7.7
16.5,1081344,0.025,0.001,0.1,11.05,2,0.0,69205500,1200822,1189479,0.0,572,138411,1,1,0.0044444444444444444,0.008888888888888889,0.04,0,10673,48032,5336,0,1,1216.1245472431183,302.73605036735535,0.8732151809343933,5320,47037,10634,0.44,0.89,3.92,62317,5.19
16.5,1081344,0.025,0.001,0.1,11.05,2,0.0,69205500,1200822,1189479,0.0,572,138411,1,1,0.0,0.017777777777777778,0.0,0,21347,0,0,0,0,1216.1245472431183,302.0728588104248,0.8732151809343933,0,0,21173,0.0,1.76,0.0,21173,1.76
16.5,1081344,0.025,0.001,0.1,11.05,2,0.0,69205500,1200822,1189479,0.0,572,138411,1,1,0.013333333333333332,0.013333333333333332,0.0,0,16010,0,16010,0,0,1216.1245472431183,302.1061165332794,0.8732151809343933,15899,0,15903,1.32,1.32,0.0,31587,2.63
16.5,1081344,0.025,0.001,0.1,11.05,2,0.0,69205500,1200822,1189479,0.0,572,138411,1,1,0.0044444444444444444,0.008888888888888889,0.022222222222222223,0,10673,26684,5336,0,1,1216.1245472431183,306.1024878025055,0.8732151809343933,5320,26421,10623,0.44,0.88,2.2,41991,3.5
17.5,1146880,0.025,0.001,0.1,11.01,2,0.0,72953000,1273132,1261568,0.0,588,145906,1,1,0,0,0,0,0,0,0,0,1,1257.2377905845642,311.8979790210724,0.8735355490287422,0,0,0,0.0,0.0,0.0,0,0.0
17.5,1146880,0.025,0.001,0.1,11.01,2,0.0,72953000,1273132,1261568,0.0,588,145906,1,1,0.017777777777777778,0.013333333333333332,0.03111111111111111,0,16975,39608,22633,0,1,1257.2377905845642,316.483624458313,0.8735355490287422,22422,39010,16851,1.76,1.32,3.06,76783,6.03
17.5,1146880,0.025,0.001,0.1,11.01,2,0.0,72953000,1273132,1261568,0.0,588,145906,1,1,0.017777777777777778,0.03111111111111111,0.0044444444444444444,0,39608,5658,22633,0,0,1257.2377905845642,319.67018485069275,0.8735355490287422,22465,5645,39004,1.76,3.06,0.44,66163,5.2
17.5,1146880,0.025,0.001,0.1,11.01,2,0.0,72953000,1273132,1261568,0.0,588,145906,1,1,0.008888888888888889,0.0044444444444444444,0.04,0,5658,50925,11316,0,0,1257.2377905845642,311.703307390213,0.8735355490287422,11273,49901,5648,0.89,0.44,3.92,66135,5.19
17.5,1146880,0.025,0.001,0.1,11.01,2,0.0,72953000,1273132,1261568,0.0,588,145906,1,1,0.04,0.035555555555555556,0.0044444444444444444,0,45266,5658,50925,0,1,1257.2377905845642,319.96893334388733,0.8735355490287422,49889,5648,44479,3.92,3.49,0.44,97799,7.68
17.5,1146880,0.025,0.001,0.1,11.01,2,0.0,72953000,1273132,1261568,0.0,588,145906,1,1,0.035555555555555556,0.026666666666666665,0.0,0,33950,0,45266,0,0,1257.2377905845642,322.93792152404785,0.8735355490287422,44504,0,33460,3.5,2.63,0.0,76834,6.04
17.5,1146880,0.025,0.001,0.1,11.01,2,0.0,72953000,1273132,1261568,0.0,588,145906,1,1,0.013333333333333332,0.022222222222222223,0.026666666666666665,0,28291,33950,16975,0,0,1257.2377905845642,323.1836862564087,0.8735355490287422,16858,33504,27970,1.32,2.2,2.63,76791,6.03
17.5,1146880,0.025,0.001,0.1,11.01,2,0.0,72953000,1273132,1261568,0.0,588,145906,1,1,0.0,0.026666666666666665,0.0044444444444444444,0,33950,5658,0,0,0,1257.2377905845642,318.7188763618469,0.8735355490287422,0,5643,33476,0.0,2.63,0.44,38970,3.06
17.5,1146880,0.025,0.001,0.1,11.01,2,0.0,72953000,1273132,1261568,0.0,588,145906,1,1,0.022222222222222223,0.008888888888888889,0.013333333333333332,0,11316,16975,28291,0,1,1257.2377905845642,323.61863136291504,0.8735355490287422,27971,16876,11258,2.2,0.88,1.33,55359,4.35
17.5,1146880,0.025,0.001,0.1,11.01,2,0.0,72953000,1273132,1261568,0.0,588,145906,1,1,0.0044444444444444444,0.008888888888888889,0.008888888888888889,0,11316,11316,5658,0,0,1257.2377905845642,316.40304136276245,0.8735355490287422,5650,11263,11275,0.44,0.89,0.88,28003,2.2
18.5,1212416,0.025,0.001,0.1,10.95,2,0.0,77166500,1345170,1333658,0.0,614,154333,1,1,0,0,0,0,0,0,0,0,1,1289.075856924057,335.15047311782837,0.873998172135954,0,0,0,0.0,0.0,0.0,0,0.0
18.5,1212416,0.025,0.001,0.1,10.95,2,0.0,77166500,1345170,1333658,0.0,614,154333,1,1,0.013333333333333332,0.0044444444444444444,0.0044444444444444444,0,5978,5978,17935,0,1,1289.075856924057,348.5140612125397,0.873998172135954,17834,5965,5963,1.33,0.44,0.44,29572,2.2
18.5,1212416,0.025,0.001,0.1,10.95,2,0.0,77166500,1345170,1333658,0.0,614,154333,1,1,0.026666666666666665,0.026666666666666665,0.008888888888888889,0,35871,11957,35871,0,0,1289.075856924057,349.478581905365,0.873998172135954,35380,11910,35427,2.63,2.63,0.89,81162,6.03
18.5,1212416,0.025,0.001,0.1,10.95,2,0.0,77166500,1345170,1333658,0.0,614,154333,1,1,0.0044444444444444444,0.008888888888888889,0.04,0,11957,53806,5978,0,1,1289.075856924057,334.8433530330658,0.873998172135954,5966,52810,11904,0.44,0.88,3.93,69920,5.2
18.5,1212416,0.025,0.001,0.1,10.95,2,0.0,77166500,1345170,1333658,0.0,614,154333,1,1,0.035555555555555556,0.022222222222222223,0.03111111111111111,0,29892,41849,47828,0,1,1289.075856924057,342.67899465560913,0.873998172135954,47023,41196,29560,3.5,2.2,3.06,114483,8.51
18.5,1212416,0.025,0.001,0.1,10.95,2,0.0,77166500,1345170,1333658,0.0,614,154333,1,1,0.017777777777777778,0.013333333333333332,0.035555555555555556,0,17935,47828,23914,0,0,1289.075856924057,343.1852705478668,0.873998172135954,23728,46979,17811,1.76,1.32,3.49,86720,6.45
18.5,1212416,0.025,0.001,0.1,10.95,2,0.0,77166500,1345170,1333658,0.0,614,154333,1,1,0.017777777777777778,0.0044444444444444444,0.008888888888888889,0,5978,11957,23914,0,0,1289.075856924057,336.33804750442505,0.873998172135954,23682,11900,5959,1.76,0.44,0.88,41178,3.06
18.5,1212416,0.025,0.001,0.1,10.95,2,0.0,77166500,1345170,1333658,0.0,614,154333,1,1,0.026666666666666665,0.008888888888888889,0.03111111111111111,0,11957,41849,35871,0,0,1289.075856924057,337.8372149467468,0.873998172135954,35412,41197,11917,2.63,0.89,3.06,86758,6.45
18.5,1212416,0.025,0.001,0.1,10.95,2,0.0,77166500,1345170,1333658,0.0,614,154333,1,1,0.008888888888888889,0.017777777777777778,0.022222222222222223,0,23914,29892,11957,0,1,1289.075856924057,346.62695026397705,0.873998172135954,11914,29557,23706,0.89,1.76,2.2,64173,4.77
18.5,1212416,0.025,0.001,0.1,10.95,2,0.0,77166500,1345170,1333658,0.0,614,154333,1,1,0.022222222222222223,0.035555555555555556,0.008888888888888889,0,47828,11957,29892,0,0,1289.075856924057,345.59788966178894,0.873998172135954,29527,11919,46969,2.2,3.49,0.89,86702,6.45
19.5,1277952,0.025,0.001,0.1,11.1,2,0.0,81759000,1419785,1405748,0.0,651,163518,1,1,0,0,0,0,0,0,0,0,1,1392.378877401352,359.2047038078308,0.872826647568598,0,0,0,0.0,0.0,0.0,0,0.0
19.5,1277952,0.025,0.001,0.1,11.1,2,0.0,81759000,1419785,1405748,0.0,651,163518,1,1,0.03111111111111111,0.026666666666666665,0.008888888888888889,0,37860,12620,44171,0,0,1392.378877401352,361.4612774848938,0.872826647568598,43498,12562,37324,3.06,2.63,0.88,91575,6.45
19.5,1277952,0.025,0.001,0.1,11.1,2,0.0,81759000,1419785,1405748,0.0,651,163518,1,1,0.035555555555555556,0.035555555555555556,0.022222222222222223,0,50481,31550,50481,0,1,1392.378877401352,366.5680043697357,0.872826647568598,49587,31203,49552,3.49,3.49,2.2,126501,8.91
19.5,1277952,0.025,0.001,0.1,11.1,2,0.0,81759000,1419785,1405748,0.0,651,163518,1,1,0.0044444444444444444,0.026666666666666665,0.035555555555555556,0,37860,50481,6310,0,1,1392.378877401352,362.35566544532776,0.872826647568598,6297,49620,37375,0.44,2.63,3.49,91638,6.45
19.5,1277952,0.025,0.001,0.1,11.1,2,0.0,81759000,1419785,1405748,0.0,651,163518,1,1,0.04,0.013333333333333332,0.013333333333333332,0,18930,18930,56791,0,0,1392.378877401352,362.7926506996155,0.872826647568598,55682,18812,18789,3.92,1.32,1.32,91543,6.45
19.5,1277952,0.025,0.001,0.1,11.1,2,0.0,81759000,1419785,1405748,0.0,651,163518,1,1,0.04,0.022222222222222223,0.035555555555555556,0,31550,50481,56791,0,0,1392.378877401352,372.5477316379547,0.872826647568598,55746,49631,31197,3.93,2.2,3.5,132413,9.33
19.5,1277952,0.025,0.001,0.1,11.1,2,0.0,81759000,1419785,1405748,0.0,651,163518,1,1,0.017777777777777778,0.013333333333333332,0.0,0,18930,0,25240,0,0,1392.378877401352,370.9767417907715,0.872826647568598,25000,0,18802,1.76,1.32,0.0,43462,3.06
19.5,1277952,0.025,0.001,0.1,11.1,2,0.0,81759000,1419785,1405748,0.0,651,163518,1,1,0.013333333333333332,0.04,0.013333333333333332,0,56791,18930,18930,0,1,1392.378877401352,376.082382440567,0.872826647568598,18801,18812,55655,1.32,3.92,1.32,91572,6.45
19.5,1277952,0.025,0.001,0.1,11.1,2,0.0,81759000,1419785,1405748,0.0,651,163518,1,1,0.008888888888888889,0.008888888888888889,0.0044444444444444444,0,12620,6310,12620,0,1,1392.378877401352,371.10179138183594,0.872826647568598,12566,6294,12556,0.89,0.88,0.44,31196,2.2
19.5,1277952,0.025,0.001,0.1,11.1,2,0.0,81759000,1419785,1405748,0.0,651,163518,1,1,0.03111111111111111,0.04,0.0,0,56791,0,44171,0,1,1392.378877401352,373.345077753067,0.872826647568598,43460,0,55688,3.06,3.92,0.0,97447,6.86
20.5,1343488,0.025,0.001,0.1,11.02,2,0.0,85794500,1491532,1477837,0.0,660,171589,1,1,0,0,0,0,0,0,0,0,1,1475.0763478279114,375.3381907939911,0.8734484023301159,0,0,0,0.0,0.0,0.0,0,0.0
20.5,1343488,0.025,0.001,0.1,11.02,2,0.0,85794500,1491532,1477837,0.0,660,171589,1,1,0.0,0.022222222222222223,0.04,0,33145,59661,0,0,1,1475.0763478279114,374.05739736557007,0.8734484023301159,0,58489,32773,0.0,2.2,3.92,89978,6.03
20.5,1343488,0.025,0.001,0.1,11.02,2,0.0,85794500,1491532,1477837,0.0,660,171589,1,1,0.035555555555555556,0.0,0.008888888888888889,0,0,13258,53032,0,1,1475.0763478279114,376.865425825119,0.8734484023301159,52098,13206,0,3.49,0.0,0.89,64878,4.35
20.5,1343488,0.025,0.001,0.1,11.02,2,0.0,85794500,1491532,1477837,0.0,660,171589,1,1,0.026666666666666665,0.035555555555555556,0.017777777777777778,0,53032,26516,39774,0,0,1475.0763478279114,390.0350408554077,0.8734484023301159,39245,26299,52136,2.63,3.5,1.76,114722,7.69
20.5,1343488,0.025,0.001,0.1,11.02,2,0.0,85794500,1491532,1477837,0.0,660,171589,1,1,0.04,0.008888888888888889,0.0044444444444444444,0,13258,6629,59661,0,0,1475.0763478279114,390.7531907558441,0.8734484023301159,58482,6613,13195,3.92,0.88,0.44,77436,5.19
20.5,1343488,0.025,0.001,0.1,11.02,2,0.0,85794500,1491532,1477837,0.0,660,171589,1,1,0.04,0.022222222222222223,0.026666666666666665,0,33145,39774,59661,0,1,1475.0763478279114,387.55899381637573,0.8734484023301159,58503,39241,32772,3.92,2.2,2.63,126946,8.51
20.5,1343488,0.025,0.001,0.1,11.02,2,0.0,85794500,1491532,1477837,0.0,660,171589,1,1,0.013333333333333332,0.026666666666666665,0.0044444444444444444,0,39774,6629,19887,0,0,1475.0763478279114,376.45567440986633,0.8734484023301159,19765,6613,39263,1.33,2.63,0.44,64866,4.35
20.5,1343488,0.025,0.001,0.1,11.02,2,0.0,85794500,1491532,1477837,0.0,660,171589,1,1,0.022222222222222223,0.022222222222222223,0.026666666666666665,0,33145,39774,33145,0,0,1475.0763478279114,377.00858426094055,0.8734484023301159,32768,39245,32763,2.2,2.2,2.63,102342,6.86
20.5,1343488,0.025,0.001,0.1,11.02,2,0.0,85794500,1491532,1477837,0.0,660,171589,1,1,0.0,0.026666666666666665,0.03111111111111111,0,39774,46403,0,0,1,1475.0763478279114,381.14465045928955,0.8734484023301159,0,45658,39295,0.0,2.63,3.06,83683,5.61
20.5,1343488,0.025,0.001,0.1,11.02,2,0.0,85794500,1491532,1477837,0.0,660,171589,1,1,0.03111111111111111,0.0044444444444444444,0.0,0,6629,0,46403,0,0,1475.0763478279114,380.13270926475525,0.8734484023301159,45714,0,6619,3.06,0.44,0.0,52116,3.49
21.5,1409024,0.025,0.001,0.1,10.94,2,0.0,89930500,1563194,1549927,0.0,671,179861,1,1,0,0,0,0,0,0,0,0,1,1533.4469537734985,402.8155138492584,0.874060611178333,0,0,0,0.0,0.0,0.0,0,0.0
21.5,1409024,0.025,0.001,0.1,10.94,2,0.0,89930500,1563194,1549927,0.0,671,179861,1,1,0.022222222222222223,0.0,0.013333333333333332,0,0,20842,34737,0,1,1533.4469537734985,393.8836109638214,0.874060611178333,34348,20715,0,2.2,0.0,1.33,54610,3.49
21.5,1409024,0.025,0.001,0.1,10.94,2,0.0,89930500,1563194,1549927,0.0,671,179861,1,1,0.026666666666666665,0.0,0.022222222222222223,0,0,34737,41685,0,0,1533.4469537734985,398.7197530269623,0.874060611178333,41156,34362,0,2.63,0.0,2.2,74572,4.77
21.5,1409024,0.025,0.001,0.1,10.94,2,0.0,89930500,1563194,1549927,0.0,671,179861,1,1,0.03111111111111111,0.03111111111111111,0.022222222222222223,0,48632,34737,48632,0,0,1533.4469537734985,403.9171254634857,0.874060611178333,47844,34353,47881,3.06,3.06,2.2,126592,8.1
21.5,1409024,0.025,0.001,0.1,10.94,2,0.0,89930500,1563194,1549927,0.0,671,179861,1,1,0.035555555555555556,0.008888888888888889,0.04,0,13895,62527,55580,0,1,1533.4469537734985,406.0409231185913,0.874060611178333,54582,61316,13835,3.49,0.89,3.92,126685,8.1
21.5,1409024,0.025,0.001,0.1,10.94,2,0.0,89930500,1563194,1549927,0.0,671,179861,1,1,0.04,0.03111111111111111,0.03111111111111111,0,48632,48632,62527,0,0,1533.4469537734985,400.05618023872375,0.874060611178333,61284,47869,47881,3.92,3.06,3.06,151806,9.71
21.5,1409024,0.025,0.001,0.1,10.94,2,0.0,89930500,1563194,1549927,0.0,671,179861,1,1,0.008888888888888889,0.035555555555555556,0.035555555555555556,0,55580,55580,13895,0,0,1533.4469537734985,402.53373527526855,0.874060611178333,13834,54557,54583,0.88,3.49,3.49,120010,7.68
21.5,1409024,0.025,0.001,0.1,10.94,2,0.0,89930500,1563194,1549927,0.0,671,179861,-1,0,0.04,0.026666666666666665,0.04,0,41685,62527,62527,0,1,1533.4469537734985,283.5065321922302,0.874060611178333,61344,61274,41138,3.92,2.63,3.92,158228,10.12
21.5,1409024,0.025,0.001,0.1,10.94,2,0.0,89930500,1563194,1549927,0.0,671,179861,1,1,0.04,0.03111111111111111,0.026666666666666665,0,48632,41685,62527,0,0,1533.4469537734985,409.42553067207336,0.874060611178333,61257,41123,47878,3.92,3.06,2.63,145661,9.32
21.5,1409024,0.025,0.001,0.1,10.94,2,0.0,89930500,1563194,1549927,0.0,671,179861,1,1,0.026666666666666665,0.026666666666666665,0.0044444444444444444,0,41685,6947,41685,0,0,1533.4469537734985,408.37876176834106,0.874060611178333,41135,6930,41145,2.63,2.63,0.44,87772,5.61
22.5,1474560,0.025,0.001,0.1,10.94,2,0.0,93895000,1635844,1622017,0.0,704,187790,1,1,0,0,0,0,0,0,0,0,1,1626.1717834472656,418.57102823257446,0.8740909057565169,0,0,0,0.0,0.0,0.0,0,0.0
22.5,1474560,0.025,0.001,0.1,10.94,2,0.0,93895000,1635844,1622017,0.0,704,187790,1,1,0.0044444444444444444,0.03111111111111111,0.04,0,50892,65433,7270,0,0,1626.1717834472656,426.44012570381165,0.8740909057565169,7257,64180,50138,0.44,3.06,3.92,119124,7.28
22.5,1474560,0.025,0.001,0.1,10.94,2,0.0,93895000,1635844,1622017,0.0,704,187790,1,1,0.017777777777777778,0.035555555555555556,0.0044444444444444444,0,58163,7270,29081,0,1,1626.1717834472656,421.7029478549957,0.8740909057565169,28811,7255,57097,1.76,3.49,0.44,91871,5.62
22.5,1474560,0.025,0.001,0.1,10.94,2,0.0,93895000,1635844,1622017,0.0,704,187790,1,1,0.04,0.035555555555555556,0.026666666666666665,0,58163,43622,65433,0,0,1626.1717834472656,422.12709522247314,0.8740909057565169,64187,43057,57158,3.92,3.49,2.63,158988,9.72
22.5,1474560,0.025,0.001,0.1,10.94,2,0.0,93895000,1635844,1622017,0.0,704,187790,1,1,0.0044444444444444444,0.022222222222222223,0.0,0,36352,0,7270,0,1,1626.1717834472656,412.89064025878906,0.8740909057565169,7258,0,35923,0.44,2.2,0.0,43021,2.63
22.5,1474560,0.025,0.001,0.1,10.94,2,0.0,93895000,1635844,1622017,0.0,704,187790,1,1,0.03111111111111111,0.008888888888888889,0.04,0,14540,65433,50892,0,1,1626.1717834472656,416.7065351009369,0.8740909057565169,50107,64133,14471,3.06,0.88,3.92,125756,7.69
22.5,1474560,0.025,0.001,0.1,10.94,2,0.0,93895000,1635844,1622017,0.0,704,187790,1,1,0.026666666666666665,0.022222222222222223,0.026666666666666665,0,36352,43622,43622,0,0,1626.1717834472656,422.3630805015564,0.8740909057565169,43010,43051,35975,2.63,2.2,2.63,118981,7.27
22.5,1474560,0.025,0.001,0.1,10.94,2,0.0,93895000,1635844,1622017,0.0,704,187790,1,1,0.035555555555555556,0.035555555555555556,0.017777777777777778,0,58163,29081,58163,0,0,1626.1717834472656,431.35747742652893,0.8740909057565169,57145,28832,57175,3.49,3.5,1.76,139159,8.51
22.5,1474560,0.025,0.001,0.1,10.94,2,0.0,93895000,1635844,1622017,0.0,704,187790,1,1,0.0,0.035555555555555556,0.0044444444444444444,0,58163,7270,0,0,0,1626.1717834472656,423.1453015804291,0.8740909057565169,0,7251,57122,0.0,3.49,0.44,64117,3.92
22.5,1474560,0.025,0.001,0.1,10.94,2,0.0,93895000,1635844,1622017,0.0,704,187790,1,1,0.017777777777777778,0.0044444444444444444,0.0044444444444444444,0,7270,7270,29081,0,0,1626.1717834472656,420.5296685695648,0.8740909057565169,28827,7254,7251,1.76,0.44,0.44,43036,2.63
23.5,1540096,0.025,0.001,0.1,10.98,2,0.0,97927500,1709181,1694106,0.0,703,195855,1,1,0,0,0,0,0,0,0,0,1,1672.889878988266,424.9649865627289,0.8737672746434838,0,0,0,0.0,0.0,0.0,0,0.0
23.5,1540096,0.025,0.001,0.1,10.98,2,0.0,97927500,1709181,1694106,0.0,703,195855,1,1,0.013333333333333332,0.022222222222222223,0.008888888888888889,0,37981,15192,22789,0,1,1672.889878988266,450.68564677238464,0.8737672746434838,22647,15131,37552,1.33,2.2,0.89,74319,4.35
23.5,1540096,0.025,0.001,0.1,10.98,2,0.0,97927500,1709181,1694106,0.0,703,195855,1,1,0.0044444444444444444,0.008888888888888889,0.013333333333333332,0,15192,22789,7596,0,1,1672.889878988266,447.7942032814026,0.8737672746434838,7581,22645,15110,0.44,0.88,1.32,44964,2.63
23.5,1540096,0.025,0.001,0.1,10.98,2,0.0,97927500,1709181,1694106,0.0,703,195855,1,1,0.013333333333333332,0.0044444444444444444,0.0044444444444444444,0,7596,7596,22789,0,1,1672.889878988266,444.3677887916565,0.8737672746434838,22618,7583,7574,1.32,0.44,0.44,37546,2.2
23.5,1540096,0.025,0.001,0.1,10.98,2,0.0,97927500,1709181,1694106,0.0,703,195855,1,1,0.04,0.0044444444444444444,0.04,0,7596,68367,68367,0,0,1672.889878988266,440.3982536792755,0.8737672746434838,67041,67040,7583,3.92,0.44,3.92,138459,8.1
23.5,1540096,0.025,0.001,0.1,10.98,2,0.0,97927500,1709181,1694106,0.0,703,195855,1,1,0.013333333333333332,0.026666666666666665,0.035555555555555556,0,45578,60770,22789,0,0,1672.889878988266,445.80241560935974,0.8737672746434838,22647,59680,45010,1.33,2.63,3.49,124456,7.28
23.5,1540096,0.025,0.001,0.1,10.98,2,0.0,97927500,1709181,1694106,0.0,703,195855,1,1,0.035555555555555556,0.013333333333333332,0.0,0,22789,0,60770,0,0,1672.889878988266,439.9281487464905,0.8737672746434838,59679,0,22634,3.49,1.32,0.0,81519,4.77
23.5,1540096,0.025,0.001,0.1,10.98,2,0.0,97927500,1709181,1694106,0.0,703,195855,1,1,0.04,0.035555555555555556,0.013333333333333332,0,60770,22789,68367,0,1,1672.889878988266,437.06294870376587,0.8737672746434838,67003,22638,59705,3.92,3.49,1.32,145374,8.51
23.5,1540096,0.025,0.001,0.1,10.98,2,0.0,97927500,1709181,1694106,0.0,703,195855,1,1,0.0044444444444444444,0.0,0.017777777777777778,0,0,30385,7596,0,0,1672.889878988266,431.85494780540466,0.8737672746434838,7580,30117,0,0.44,0.0,1.76,37567,2.2
23.5,1540096,0.025,0.001,0.1,10.98,2,0.0,97927500,1709181,1694106,0.0,703,195855,1,1,0.017777777777777778,0.022222222222222223,0.017777777777777778,0,37981,30385,30385,0,1,1672.889878988266,435.51268100738525,0.8737672746434838,30099,30111,37556,1.76,2.2,1.76,95953,5.61
24.5,1605632,0.025,0.001,0.1,10.92,2,0.0,102421000,1781034,1766196,0.0,729,204842,1,1,0,0,0,0,0,0,0,0,1,1771.49631857872,470.3821258544922,0.8741980696878806,0,0,0,0.0,0.0,0.0,0,0.0
24.5,1605632,0.025,0.001,0.1,10.92,2,0.0,102421000,1781034,1766196,0.0,729,204842,1,1,0.013333333333333332,0.0044444444444444444,0.0044444444444444444,0,7915,7915,23747,0,0,1771.49631857872,455.20705699920654,0.8741980696878806,23599,7895,7898,1.33,0.44,0.44,39150,2.2
24.5,1605632,0.025,0.001,0.1,10.92,2,0.0,102421000,1781034,1766196,0.0,729,204842,1,1,0.017777777777777778,0.035555555555555556,0.017777777777777778,0,63325,31662,31662,0,0,1771.49631857872,463.39581298828125,0.8741980696878806,31374,31392,62198,1.76,3.49,1.76,122240,6.86
24.5,1605632,0.025,0.001,0.1,10.92,2,0.0,102421000,1781034,1766196,0.0,729,204842,1,1,0.013333333333333332,0.0,0.008888888888888889,0,0,15831,23747,0,0,1771.49631857872,459.7684872150421,0.8741980696878806,23617,15755,0,1.33,0.0,0.88,39169,2.2
24.5,1605632,0.025,0.001,0.1,10.92,2,0.0,102421000,1781034,1766196,0.0,729,204842,1,1,0.04,0.013333333333333332,0.0,0,23747,0,71241,0,1,1771.49631857872,457.3503293991089,0.8741980696878806,69823,0,23567,3.92,1.32,0.0,92442,5.19
24.5,1605632,0.025,0.001,0.1,10.92,2,0.0,102421000,1781034,1766196,0.0,729,204842,1,1,0.022222222222222223,0.035555555555555556,0.04,0,63325,71241,39578,0,0,1771.49631857872,462.5975720882416,0.8741980696878806,39142,69830,62217,2.2,3.49,3.92,166002,9.32
24.5,1605632,0.025,0.001,0.1,10.92,2,0.0,102421000,1781034,1766196,0.0,729,204842,1,1,0.035555555555555556,0.026666666666666665,0.03111111111111111,0,47494,55409,63325,0,0,1771.49631857872,450.20420598983765,0.8741980696878806,62201,54569,46831,3.49,2.63,3.06,158670,8.91
24.5,1605632,0.025,0.001,0.1,10.92,2,0.0,102421000,1781034,1766196,0.0,729,204842,1,1,0.0044444444444444444,0.035555555555555556,0.008888888888888889,0,63325,15831,7915,0,1,1771.49631857872,464.45402336120605,0.8741980696878806,7891,15774,62160,0.44,3.49,0.89,84940,4.77
24.5,1605632,0.025,0.001,0.1,10.92,2,0.0,102421000,1781034,1766196,0.0,729,204842,1,1,0.008888888888888889,0.008888888888888889,0.008888888888888889,0,15831,15831,15831,0,0,1771.49631857872,461.24330401420593,0.8741980696878806,15738,15764,15745,0.88,0.88,0.89,46849,2.63
24.5,1605632,0.025,0.001,0.1,10.92,2,0.0,102421000,1781034,1766196,0.0,729,204842,1,1,0.017777777777777778,0.04,0.013333333333333332,0,71241,23747,31662,0,1,1771.49631857872,456.5217206478119,0.8741980696878806,31377,23594,69812,1.76,3.92,1.32,122223,6.86
25.5,1671168,0.025,0.001,0.1,10.92,2,0.0,106439000,1853654,1838285,0.0,730,212878,1,1,0,0,0,0,0,0,0,0,1,1828.7666454315186,478.60618472099304,0.8742335654089411,0,0,0,0.0,0.0,0.0,0,0.0
25.5,1671168,0.025,0.001,0.1,10.92,2,0.0,106439000,1853654,1838285,0.0,730,212878,1,1,0.04,0.0044444444444444444,0.017777777777777778,0,8238,32953,74146,0,0,1828.7666454315186,481.87812852859497,0.8742335654089411,72652,32645,8226,3.92,0.44,1.76,111751,6.03
25.5,1671168,0.025,0.001,0.1,10.92,2,0.0,106439000,1853654,1838285,0.0,730,212878,1,1,0.008888888888888889,0.026666666666666665,0.03111111111111111,0,49430,57669,16476,0,0,1828.7666454315186,478.64661288261414,0.8742335654089411,16419,56790,48762,0.89,2.63,3.06,119590,6.45
25.5,1671168,0.025,0.001,0.1,10.92,2,0.0,106439000,1853654,1838285,0.0,730,212878,1,1,0.0,0.008888888888888889,0.04,0,16476,74146,0,0,0,1828.7666454315186,461.5036737918854,0.8742335654089411,0,72662,16390,0.0,0.88,3.92,88427,4.77
25.5,1671168,0.025,0.001,0.1,10.92,2,0.0,106439000,1853654,1838285,0.0,730,212878,1,1,0.04,0.04,0.017777777777777778,0,74146,32953,74146,0,0,1828.7666454315186,472.470579624176,0.8742335654089411,72615,32677,72660,3.92,3.92,1.76,172629,9.31
25.5,1671168,0.025,0.001,0.1,10.92,2,0.0,106439000,1853654,1838285,0.0,730,212878,1,1,0.04,0.04,0.017777777777777778,0,74146,32953,74146,0,0,1828.7666454315186,464.21062660217285,0.8742335654089411,72713,32660,72694,3.92,3.92,1.76,172630,9.31
25.5,1671168,0.025,0.001,0.1,10.92,2,0.0,106439000,1853654,1838285,0.0,730,212878,1,1,0.017777777777777778,0.035555555555555556,0.03111111111111111,0,65907,57669,32953,0,1,1828.7666454315186,472.65063405036926,0.8742335654089411,32672,56787,64788,1.76,3.5,3.06,150213,8.1
25.5,1671168,0.025,0.001,0.1,10.92,2,0.0,106439000,1853654,1838285,0.0,730,212878,1,1,0.035555555555555556,0.04,0.026666666666666665,0,74146,49430,65907,0,1,1828.7666454315186,480.139536857605,0.8742335654089411,64724,48814,72709,3.49,3.92,2.63,180246,9.72
25.5,1671168,0.025,0.001,0.1,10.92,2,0.0,106439000,1853654,1838285,0.0,730,212878,1,1,0.03111111111111111,0.04,0.035555555555555556,0,74146,65907,57669,0,1,1828.7666454315186,477.4515166282654,0.8742335654089411,56769,64768,72699,3.06,3.92,3.49,187595,10.12
25.5,1671168,0.025,0.001,0.1,10.92,2,0.0,106439000,1853654,1838285,0.0,730,212878,1,1,0.035555555555555556,0.03111111111111111,0.013333333333333332,0,57669,24715,65907,0,0,1828.7666454315186,474.72478771209717,0.8742335654089411,64765,24543,56764,3.49,3.06,1.32,142438,7.68
26.5,1736704,0.025,0.001,0.1,10.92,2,0.0,110955500,1926352,1910375,0.0,746,221911,1,1,0,0,0,0,0,0,0,0,1,1894.1288964748383,483.2695677280426,0.8742309848151356,0,0,0,0.0,0.0,0.0,0,0.0
26.5,1736704,0.025,0.001,0.1,10.92,2,0.0,110955500,1926352,1910375,0.0,746,221911,1,1,0.0,0.0044444444444444444,0.013333333333333332,0,8561,25684,0,0,1,1894.1288964748383,489.2437756061554,0.8742309848151356,0,25516,8547,0.0,0.44,1.32,33962,1.76
26.5,1736704,0.025,0.001,0.1,10.92,2,0.0,110955500,1926352,1910375,0.0,746,221911,1,1,0.022222222222222223,0.04,0.0,0,77054,0,42807,0,0,1894.1288964748383,487.528751373291,0.8742309848151356,42324,0,75488,2.2,3.92,0.0,116204,6.03
26.5,1736704,0.025,0.001,0.1,10.92,2,0.0,110955500,1926352,1910375,0.0,746,221911,1,1,0.017777777777777778,0.0044444444444444444,0.017777777777777778,0,8561,34246,34246,0,0,1894.1288964748383,496.91535544395447,0.8742309848151356,33941,33942,8542,1.76,0.44,1.76,75495,3.92
26.5,1736704,0.025,0.001,0.1,10.92,2,0.0,110955500,1926352,1910375,0.0,746,221911,1,1,0.0,0.0044444444444444444,0.013333333333333332,0,8561,25684,0,0,1,1894.1288964748383,493.82540464401245,0.8742309848151356,0,25511,8541,0.0,0.44,1.32,33932,1.76
26.5,1736704,0.025,0.001,0.1,10.92,2,0.0,110955500,1926352,1910375,0.0,746,221911,1,1,0.017777777777777778,0.017777777777777778,0.022222222222222223,0,34246,42807,34246,0,1,1894.1288964748383,496.9994707107544,0.8742309848151356,33937,42327,33944,1.76,1.76,2.2,108112,5.61
26.5,1736704,0.025,0.001,0.1,10.92,2,0.0,110955500,1926352,1910375,0.0,746,221911,1,1,0.0,0.04,0.017777777777777778,0,77054,34246,0,0,1,1894.1288964748383,509.06312704086304,0.8742309848151356,0,33966,75521,0.0,3.92,1.76,108162,5.61
26.5,1736704,0.025,0.001,0.1,10.92,2,0.0,110955500,1926352,1910375,0.0,746,221911,1,1,0.0044444444444444444,0.026666666666666665,0.0,0,51369,0,8561,0,1,1894.1288964748383,508.69004011154175,0.8742309848151356,8543,0,50678,0.44,2.63,0.0,58971,3.06
26.5,1736704,0.025,0.001,0.1,10.92,2,0.0,110955500,1926352,1910375,0.0,746,221911,1,1,0.03111111111111111,0.04,0.0,0,77054,0,59930,0,0,1894.1288964748383,502.20276403427124,0.8742309848151356,58987,0,75545,3.06,3.92,0.0,132247,6.87
26.5,1736704,0.025,0.001,0.1,10.92,2,0.0,110955500,1926352,1910375,0.0,746,221911,1,1,0.035555555555555556,0.0,0.035555555555555556,0,0,68492,68492,0,1,1894.1288964748383,499.93724298477173,0.8742309848151356,67343,67316,0,3.5,0.0,3.49,132238,6.86
27.5,1802240,0.025,0.001,0.1,10.85,2,0.0,114541000,1997848,1982465,0.0,764,229082,1,1,0,0,0,0,0,0,0,0,1,1958.3052985668182,509.53187012672424,0.8747545692498462,0,0,0,0.0,0.0,0.0,0,0.0
27.5,1802240,0.025,0.001,0.1,10.85,2,0.0,114541000,1997848,1982465,0.0,764,229082,1,1,0.0,0.04,0.04,0,79913,79913,0,0,0,1958.3052985668182,511.7407035827637,0.8747545692498462,0,78357,78336,0.0,3.92,3.92,153671,7.69
27.5,1802240,0.025,0.001,0.1,10.85,2,0.0,114541000,1997848,1982465,0.0,764,229082,1,1,0.022222222222222223,0.013333333333333332,0.013333333333333332,0,26637,26637,44396,0,0,1958.3052985668182,518.5819396972656,0.8747545692498462,43887,26461,26453,2.2,1.32,1.32,95302,4.77
27.5,1802240,0.025,0.001,0.1,10.85,2,0.0,114541000,1997848,1982465,0.0,764,229082,1,1,0.013333333333333332,0.04,0.013333333333333332,0,79913,26637,26637,0,0,1958.3052985668182,518.2806453704834,0.8747545692498462,26461,26480,78343,1.32,3.92,1.33,128894,6.45
27.5,1802240,0.025,0.001,0.1,10.85,2,0.0,114541000,1997848,1982465,0.0,764,229082,1,1,0.0044444444444444444,0.017777777777777778,0.013333333333333332,0,35517,26637,8879,0,0,1958.3052985668182,518.5902462005615,0.8747545692498462,8860,26448,35228,0.44,1.76,1.32,69821,3.49
27.5,1802240,0.025,0.001,0.1,10.85,2,0.0,114541000,1997848,1982465,0.0,764,229082,1,1,0.0044444444444444444,0.008888888888888889,0.03111111111111111,0,17758,62155,8879,0,0,1958.3052985668182,510.79635214805603,0.8747545692498462,8864,61209,17679,0.44,0.88,3.06,86885,4.35
27.5,1802240,0.025,0.001,0.1,10.85,2,0.0,114541000,1997848,1982465,0.0,764,229082,1,1,0.03111111111111111,0.008888888888888889,0.017777777777777778,0,17758,35517,62155,0,0,1958.3052985668182,511.87687039375305,0.8747545692498462,61169,35192,17668,3.06,0.88,1.76,112049,5.61
27.5,1802240,0.025,0.001,0.1,10.85,2,0.0,114541000,1997848,1982465,0.0,764,229082,1,1,0.013333333333333332,0.026666666666666665,0.008888888888888889,0,53275,17758,26637,0,1,1958.3052985668182,516.5965662002563,0.8747545692498462,26485,17675,52555,1.33,2.63,0.88,95294,4.77
27.5,1802240,0.025,0.001,0.1,10.85,2,0.0,114541000,1997848,1982465,0.0,764,229082,1,1,0.013333333333333332,0.0044444444444444444,0.026666666666666665,0,8879,53275,26637,0,0,1958.3052985668182,516.6311514377594,0.8747545692498462,26463,52597,8857,1.32,0.44,2.63,86920,4.35
27.5,1802240,0.025,0.001,0.1,10.85,2,0.0,114541000,1997848,1982465,0.0,764,229082,1,1,0.008888888888888889,0.013333333333333332,0.04,0,26637,79913,17758,0,0,1958.3052985668182,513.4200689792633,0.8747545692498462,17681,78408,26453,0.89,1.32,3.92,120563,6.03
28.5,1867776,0.025,0.001,0.1,10.85,2,0.0,119208500,2070471,2054554,0.0,796,238417,1,1,0,0,0,0,0,0,0,0,1,2021.7567331790924,533.4196183681488,0.874765561687523,0,0,0,0.0,0.0,0.0,0,0.0
28.5,1867776,0.025,0.001,0.1,10.85,2,0.0,119208500,2070471,2054554,0.0,796,238417,1,1,0.035555555555555556,0.026666666666666665,0.04,0,55212,82818,73616,0,1,2021.7567331790924,526.878123998642,0.874765561687523,72323,81216,54489,3.49,2.63,3.92,201228,9.72
28.5,1867776,0.025,0.001,0.1,10.85,2,0.0,119208500,2070471,2054554,0.0,796,238417,1,1,0.0044444444444444444,0.035555555555555556,0.04,0,73616,82818,9202,0,1,2021.7567331790924,537.6519160270691,0.874765561687523,9178,81146,72323,0.44,3.49,3.92,159089,7.68
28.5,1867776,0.025,0.001,0.1,10.85,2,0.0,119208500,2070471,2054554,0.0,796,238417,1,1,0.013333333333333332,0.022222222222222223,0.0,0,46010,0,27606,0,1,2021.7567331790924,526.799866437912,0.874765561687523,27437,0,45505,1.33,2.2,0.0,72324,3.49
28.5,1867776,0.025,0.001,0.1,10.85,2,0.0,119208500,2070471,2054554,0.0,796,238417,1,1,0.03111111111111111,0.03111111111111111,0.008888888888888889,0,64414,18404,64414,0,1,2021.7567331790924,531.5579943656921,0.874765561687523,63393,18342,63440,3.06,3.06,0.89,142080,6.86
28.5,1867776,0.025,0.001,0.1,10.85,2,0.0,119208500,2070471,2054554,0.0,796,238417,1,1,0.017777777777777778,0.0,0.04,0,0,82818,36808,0,1,2021.7567331790924,515.9865803718567,0.874765561687523,36485,81222,0,1.76,0.0,3.92,116298,5.62
28.5,1867776,0.025,0.001,0.1,10.85,2,0.0,119208500,2070471,2054554,0.0,796,238417,1,1,0.0,0.0,0.013333333333333332,0,0,27606,0,0,1,2021.7567331790924,517.5085823535919,0.874765561687523,0,27438,0,0.0,0.0,1.33,27438,1.33
28.5,1867776,0.025,0.001,0.1,10.85,2,0.0,119208500,2070471,2054554,0.0,796,238417,1,1,0.026666666666666665,0.022222222222222223,0.0,0,46010,0,55212,0,1,2021.7567331790924,529.369690656662,0.874765561687523,54486,0,45461,2.63,2.2,0.0,98765,4.77
28.5,1867776,0.025,0.001,0.1,10.85,2,0.0,119208500,2070471,2054554,0.0,796,238417,1,1,0.008888888888888889,0.0,0.017777777777777778,0,0,36808,18404,0,0,2021.7567331790924,518.5460848808289,0.874765561687523,18332,36512,0,0.89,0.0,1.76,54525,2.63
28.5,1867776,0.025,0.001,0.1,10.85,2,0.0,119208500,2070471,2054554,0.0,796,238417,1,1,0.04,0.022222222222222223,0.03111111111111111,0,46010,64414,82818,0,0,2021.7567331790924,536.9610080718994,0.874765561687523,81209,63431,45489,3.92,2.2,3.06,184510,8.91
29.5,1933312,0.025,0.001,0.1,10.86,2,0.0,122664000,2143253,2126644,0.0,791,245328,1,1,0,0,0,0,0,0,0,0,1,2113.837335586548,550.3987793922424,0.8747109127474861,0,0,0,0.0,0.0,0.0,0,0.0
29.5,1933312,0.025,0.001,0.1,10.86,2,0.0,122664000,2143253,2126644,0.0,791,245328,1,1,0.0044444444444444444,0.013333333333333332,0.0,0,28576,0,9525,0,0,2113.837335586548,546.9351313114166,0.8747109127474861,9509,0,28394,0.44,1.32,0.0,37775,1.76
29.5,1933312,0.025,0.001,0.1,10.86,2,0.0,122664000,2143253,2126644,0.0,791,245328,1,1,0.0044444444444444444,0.0,0.03111111111111111,0,0,66678,9525,0,1,2113.837335586548,538.1306629180908,0.8747109127474861,9506,65638,0,0.44,0.0,3.06,74827,3.49
29.5,1933312,0.025,0.001,0.1,10.86,2,0.0,122664000,2143253,2126644,0.0,791,245328,1,1,0.03111111111111111,0.008888888888888889,0.008888888888888889,0,19051,19051,66678,0,0,2113.837335586548,555.6450893878937,0.8747109127474861,65679,18965,18972,3.06,0.89,0.88,102254,4.77
29.5,1933312,0.025,0.001,0.1,10.86,2,0.0,122664000,2143253,2126644,0.0,791,245328,1,1,0.04,0.0,0.026666666666666665,0,0,57153,85730,0,0,2113.837335586548,554.6777048110962,0.8747109127474861,84068,56408,0,3.92,0.0,2.63,138292,6.45
29.5,1933312,0.025,0.001,0.1,10.86,2,0.0,122664000,2143253,2126644,0.0,791,245328,1,1,0.0,0.04,0.013333333333333332,0,85730,28576,0,0,1,2113.837335586548,550.6837956905365,0.8747109127474861,0,28398,84022,0.0,3.92,1.32,111324,5.19
29.5,1933312,0.025,0.001,0.1,10.86,2,0.0,122664000,2143253,2126644,0.0,791,245328,1,1,0.0,0.03111111111111111,0.026666666666666665,0,66678,57153,0,0,0,2113.837335586548,569.1879966259003,0.8747109127474861,0,56355,65645,0.0,3.06,2.63,120208,5.61
29.5,1933312,0.025,0.001,0.1,10.86,2,0.0,122664000,2143253,2126644,0.0,791,245328,1,1,0.013333333333333332,0.0044444444444444444,0.03111111111111111,0,9525,66678,28576,0,0,2113.837335586548,551.155690908432,0.8747109127474861,28385,65648,9506,1.32,0.44,3.06,102224,4.77
29.5,1933312,0.025,0.001,0.1,10.86,2,0.0,122664000,2143253,2126644,0.0,791,245328,1,1,0.03111111111111111,0.035555555555555556,0.03111111111111111,0,76204,66678,66678,0,1,2113.837335586548,557.9729588031769,0.8747109127474861,65619,65614,74864,3.06,3.49,3.06,199685,9.32
29.5,1933312,0.025,0.001,0.1,10.86,2,0.0,122664000,2143253,2126644,0.0,791,245328,1,1,0.03111111111111111,0.0,0.0,0,0,0,66678,0,1,2113.837335586548,549.7052202224731,0.8747109127474861,65661,0,0,3.06,0.0,0.0,65661,3.06
30.5,1998848,0.025,0.001,0.1,10.82,2,0.0,126514500,2215092,2198733,0.0,799,253029,1,1,0,0,0,0,0,0,0,0,1,2182.0474960803986,556.5945365428925,0.875032210167726,0,0,0,0.0,0.0,0.0,0,0.0
30.5,1998848,0.025,0.001,0.1,10.82,2,0.0,126514500,2215092,2198733,0.0,799,253029,1,1,0.04,0.022222222222222223,0.022222222222222223,0,49224,49224,88603,0,0,2182.0474960803986,567.8290076255798,0.875032210167726,86801,48661,48673,3.92,2.2,2.2,179272,8.09
30.5,1998848,0.025,0.001,0.1,10.82,2,0.0,126514500,2215092,2198733,0.0,799,253029,1,1,0.008888888888888889,0.04,0.017777777777777778,0,88603,39379,19689,0,0,2182.0474960803986,582.0964424610138,0.875032210167726,19611,39026,86837,0.89,3.92,1.76,142834,6.45
30.5,1998848,0.025,0.001,0.1,10.82,2,0.0,126514500,2215092,2198733,0.0,799,253029,1,1,0.026666666666666665,0.017777777777777778,0.008888888888888889,0,39379,19689,59069,0,0,2182.0474960803986,573.1603724956512,0.875032210167726,58298,19627,39004,2.63,1.76,0.89,115098,5.2
30.5,1998848,0.025,0.001,0.1,10.82,2,0.0,126514500,2215092,2198733,0.0,799,253029,1,1,0.008888888888888889,0.008888888888888889,0.017777777777777778,0,19689,39379,19689,0,1,2182.0474960803986,580.6161258220673,0.875032210167726,19591,39044,19595,0.88,0.88,1.76,77343,3.49
30.5,1998848,0.025,0.001,0.1,10.82,2,0.0,126514500,2215092,2198733,0.0,799,253029,1,1,0.0044444444444444444,0.04,0.017777777777777778,0,88603,39379,9844,0,1,2182.0474960803986,581.6636984348297,0.875032210167726,9817,39032,86844,0.44,3.92,1.76,133674,6.03
30.5,1998848,0.025,0.001,0.1,10.82,2,0.0,126514500,2215092,2198733,0.0,799,253029,1,1,0.03111111111111111,0.0,0.03111111111111111,0,0,68913,68913,0,0,2182.0474960803986,595.0181896686554,0.875032210167726,67836,67812,0,3.06,0.0,3.06,133617,6.03
30.5,1998848,0.025,0.001,0.1,10.82,2,0.0,126514500,2215092,2198733,0.0,799,253029,1,1,0.035555555555555556,0.008888888888888889,0.0044444444444444444,0,19689,9844,78758,0,0,2182.0474960803986,573.1949298381805,0.875032210167726,77353,9829,19610,3.49,0.89,0.44,105696,4.77
30.5,1998848,0.025,0.001,0.1,10.82,2,0.0,126514500,2215092,2198733,0.0,799,253029,1,1,0.017777777777777778,0.03111111111111111,0.008888888888888889,0,68913,19689,39379,0,0,2182.0474960803986,585.7825911045074,0.875032210167726,39055,19598,67825,1.76,3.06,0.88,124388,5.62
30.5,1998848,0.025,0.001,0.1,10.82,2,0.0,126514500,2215092,2198733,0.0,799,253029,1,1,0.03111111111111111,0.035555555555555556,0.013333333333333332,0,78758,29534,68913,0,1,2182.0474960803986,573.0783605575562,0.875032210167726,67850,29333,77380,3.06,3.49,1.32,170214,7.68
31.5,2064384,0.025,0.001,0.1,10.81,2,0.0,131355000,2287570,2270823,0.0,818,262710,1,1,0,0,0,0,0,0,0,0,1,2277.0502173900604,592.6795349121094,0.8750888099996542,0,0,0,0.0,0.0,0.0,0,0.0
31.5,2064384,0.025,0.001,0.1,10.81,2,0.0,131355000,2287570,2270823,0.0,818,262710,1,1,0.035555555555555556,0.008888888888888889,0.0044444444444444444,0,20333,10166,81335,0,1,2277.0502173900604,599.7438855171204,0.8750888099996542,79885,10135,20243,3.49,0.88,0.44,109135,4.77
31.5,2064384,0.025,0.001,0.1,10.81,2,0.0,131355000,2287570,2270823,0.0,818,262710,1,1,0.03111111111111111,0.035555555555555556,0.008888888888888889,0,81335,20333,71168,0,1,2277.0502173900604,597.0621654987335,0.8750888099996542,70052,20241,79909,3.06,3.49,0.88,166413,7.27
31.5,2064384,0.025,0.001,0.1,10.81,2,0.0,131355000,2287570,2270823,0.0,818,262710,1,1,0.013333333333333332,0.022222222222222223,0.008888888888888889,0,50834,20333,30500,0,0,2277.0502173900604,611.7639718055725,0.8750888099996542,30285,20241,50283,1.32,2.2,0.88,99390,4.34
31.5,2064384,0.025,0.001,0.1,10.81,2,0.0,131355000,2287570,2270823,0.0,818,262710,1,1,0.008888888888888889,0.017777777777777778,0.008888888888888889,0,40667,20333,20333,0,0,2277.0502173900604,591.711455821991,0.8750888099996542,20263,20245,40355,0.89,1.76,0.89,79999,3.5
31.5,2064384,0.025,0.001,0.1,10.81,2,0.0,131355000,2287570,2270823,0.0,818,262710,1,1,0.008888888888888889,0.035555555555555556,0.022222222222222223,0,81335,50834,20333,0,1,2277.0502173900604,599.8042323589325,0.8750888099996542,20230,50303,79932,0.88,3.49,2.2,147645,6.45
31.5,2064384,0.025,0.001,0.1,10.81,2,0.0,131355000,2287570,2270823,0.0,818,262710,1,1,0.008888888888888889,0.0044444444444444444,0.008888888888888889,0,10166,20333,20333,0,0,2277.0502173900604,593.9951813220978,0.8750888099996542,20245,20243,10141,0.89,0.44,0.88,50311,2.2
31.5,2064384,0.025,0.001,0.1,10.81,2,0.0,131355000,2287570,2270823,0.0,818,262710,1,1,0.022222222222222223,0.008888888888888889,0.035555555555555556,0,20333,81335,50834,0,1,2277.0502173900604,598.8244240283966,0.8750888099996542,50297,79928,20250,2.2,0.89,3.49,147612,6.45
31.5,2064384,0.025,0.001,0.1,10.81,2,0.0,131355000,2287570,2270823,0.0,818,262710,1,1,0.035555555555555556,0.0,0.013333333333333332,0,0,30500,81335,0,0,2277.0502173900604,600.4092040061951,0.8750888099996542,79975,30284,0,3.5,0.0,1.32,109233,4.78
31.5,2064384,0.025,0.001,0.1,10.81,2,0.0,131355000,2287570,2270823,0.0,818,262710,1,1,0.022222222222222223,0.008888888888888889,0.03111111111111111,0,20333,71168,50834,0,0,2277.0502173900604,605.8346650600433,0.8750888099996542,50263,70133,20246,2.2,0.89,3.07,138007,6.03
32.5,2129920,0.025,0.001,0.1,10.83,2,0.0,134914500,2360603,2342912,0.0,836,269829,1,1,0,0,0,0,0,0,0,0,1,2327.2777729034424,616.3777904510498,0.8749361793139167,0,0,0,0.0,0.0,0.0,0,0.0
32.5,2129920,0.025,0.001,0.1,10.83,2,0.0,134914500,2360603,2342912,0.0,836,269829,1,1,0.04,0.0,0.026666666666666665,0,0,62949,94424,0,0,2327.2777729034424,610.265976190567,0.8749361793139167,92539,62103,0,3.92,0.0,2.63,152228,6.45
32.5,2129920,0.025,0.001,0.1,10.83,2,0.0,134914500,2360603,2342912,0.0,836,269829,1,1,0.03111111111111111,0.022222222222222223,0.03111111111111111,0,52457,73440,73440,0,0,2327.2777729034424,619.6546511650085,0.8749361793139167,72268,72256,51868,3.06,2.2,3.06,191119,8.1
32.5,2129920,0.025,0.001,0.1,10.83,2,0.0,134914500,2360603,2342912,0.0,836,269829,1,1,0.026666666666666665,0.013333333333333332,0.008888888888888889,0,31474,20983,62949,0,1,2327.2777729034424,618.7973501682281,0.8749361793139167,62075,20898,31246,2.63,1.32,0.89,112620,4.77
32.5,2129920,0.025,0.001,0.1,10.83,2,0.0,134914500,2360603,2342912,0.0,836,269829,1,1,0.013333333333333332,0.0044444444444444444,0.03111111111111111,0,10491,73440,31474,0,0,2327.2777729034424,629.985598564148,0.8749361793139167,31286,72312,10473,1.33,0.44,3.06,112672,4.77
32.5,2129920,0.025,0.001,0.1,10.83,2,0.0,134914500,2360603,2342912,0.0,836,269829,1,1,0.035555555555555556,0.0,0.013333333333333332,0,0,31474,83932,0,0,2327.2777729034424,654.0681064128876,0.8749361793139167,82400,31280,0,3.49,0.0,1.33,112631,4.77
32.5,2129920,0.025,0.001,0.1,10.83,2,0.0,134914500,2360603,2342912,0.0,836,269829,1,1,0.0,0.026666666666666665,0.03111111111111111,0,62949,73440,0,0,1,2327.2777729034424,665.7611768245697,0.8749361793139167,0,72316,62119,0.0,2.63,3.06,132528,5.61
32.5,2129920,0.025,0.001,0.1,10.83,2,0.0,134914500,2360603,2342912,0.0,836,269829,1,1,0.04,0.03111111111111111,0.013333333333333332,0,73440,31474,94424,0,0,2327.2777729034424,681.8602311611176,0.8749361793139167,92501,31268,72326,3.92,3.06,1.32,191154,8.1
32.5,2129920,0.025,0.001,0.1,10.83,2,0.0,134914500,2360603,2342912,0.0,836,269829,1,1,0.013333333333333332,0.0,0.022222222222222223,0,0,52457,31474,0,0,2327.2777729034424,744.8757789134979,0.8749361793139167,31288,51906,0,1.33,0.0,2.2,82487,3.49
32.5,2129920,0.025,0.001,0.1,10.83,2,0.0,134914500,2360603,2342912,0.0,836,269829,1,1,0.026666666666666665,0.03111111111111111,0.013333333333333332,0,73440,31474,62949,0,1,2327.2777729034424,725.6148931980133,0.8749361793139167,62108,31279,72343,2.63,3.06,1.33,162017,6.86
33.5,2195456,0.025,0.001,0.1,10.78,2,0.0,139329500,2432093,2415002,0.0,874,278659,1,1,0,0,0,0,0,0,0,0,1,2584.198916196823,666.559451341629,0.8753477068117996,0,0,0,0.0,0.0,0.0,0,0.0
33.5,2195456,0.025,0.001,0.1,10.78,2,0.0,139329500,2432093,2415002,0.0,874,278659,1,-1,0.04,0.026666666666666665,0.035555555555555556,0,64855,86474,97283,0,1,2584.198916196823,680.8864212036133,0.8753477068117996,95318,84890,64014,3.92,2.63,3.49,236262,9.71
33.5,2195456,0.025,0.001,0.1,10.78,2,0.0,139329500,2432093,2415002,0.0,874,278659,1,1,0.0044444444444444444,0.008888888888888889,0.008888888888888889,0,21618,21618,10809,0,0,2584.198916196823,664.0150752067566,0.8753477068117996,10786,21537,21518,0.44,0.88,0.89,53448,2.2
33.5,2195456,0.025,0.001,0.1,10.78,2,0.0,139329500,2432093,2415002,0.0,874,278659,1,1,0.022222222222222223,0.017777777777777778,0.022222222222222223,0,43237,54046,54046,0,1,2584.198916196823,671.7683522701263,0.8753477068117996,53476,53439,42859,2.2,1.76,2.2,146599,6.03
33.5,2195456,0.025,0.001,0.1,10.78,2,0.0,139329500,2432093,2415002,0.0,874,278659,1,1,0.03111111111111111,0.0044444444444444444,0.0,0,10809,0,75665,0,1,2584.198916196823,660.6525082588196,0.8753477068117996,74517,0,10780,3.06,0.44,0.0,84949,3.49
33.5,2195456,0.025,0.001,0.1,10.78,2,0.0,139329500,2432093,2415002,0.0,874,278659,1,1,0.026666666666666665,0.035555555555555556,0.03111111111111111,0,86474,75665,64855,0,0,2584.198916196823,673.542891740799,0.8753477068117996,63959,74488,84969,2.63,3.49,3.06,216557,8.9
33.5,2195456,0.025,0.001,0.1,10.78,2,0.0,139329500,2432093,2415002,0.0,874,278659,1,1,0.022222222222222223,0.008888888888888889,0.035555555555555556,0,21618,86474,54046,0,1,2584.198916196823,663.3008477687836,0.8753477068117996,53488,84949,21525,2.2,0.89,3.49,156807,6.45
33.5,2195456,0.025,0.001,0.1,10.78,2,0.0,139329500,2432093,2415002,0.0,874,278659,1,1,0.035555555555555556,0.008888888888888889,0.0,0,21618,0,86474,0,0,2584.198916196823,661.4657430648804,0.8753477068117996,84932,0,21507,3.49,0.88,0.0,105679,4.35
33.5,2195456,0.025,0.001,0.1,10.78,2,0.0,139329500,2432093,2415002,0.0,874,278659,1,1,0.03111111111111111,0.0,0.008888888888888889,0,0,21618,75665,0,0,2584.198916196823,665.6811194419861,0.8753477068117996,74466,21527,0,3.06,0.0,0.89,95344,3.92
33.5,2195456,0.025,0.001,0.1,10.78,2,0.0,139329500,2432093,2415002,0.0,874,278659,1,1,0.035555555555555556,0.026666666666666665,0.04,0,64855,97283,86474,0,1,2584.198916196823,671.8808176517487,0.8753477068117996,84937,95383,64032,3.49,2.63,3.92,236272,9.71
34.5,2260992,0.025,0.001,0.1,10.79,2,0.0,143877000,2504862,2487092,0.0,862,287754,1,1,0,0,0,0,0,0,0,0,1,2658.70556807518,700.3861622810364,0.8752885751426989,0,0,0,0.0,0.0,0.0,0,0.0
34.5,2260992,0.025,0.001,0.1,10.79,2,0.0,143877000,2504862,2487092,0.0,862,287754,1,1,0.03111111111111111,0.017777777777777778,0.0044444444444444444,0,44530,11132,77929,0,0,2658.70556807518,676.4878358840942,0.8752885751426989,76747,11101,44137,3.06,1.76,0.44,130094,5.19
34.5,2260992,0.025,0.001,0.1,10.79,2,0.0,143877000,2504862,2487092,0.0,862,287754,1,1,0.013333333333333332,0.008888888888888889,0.0044444444444444444,0,22265,11132,33398,0,1,2658.70556807518,675.7906568050385,0.8752885751426989,33211,11098,22168,1.33,0.88,0.44,65961,2.63
34.5,2260992,0.025,0.001,0.1,10.79,2,0.0,143877000,2504862,2487092,0.0,862,287754,1,1,0.035555555555555556,0.035555555555555556,0.022222222222222223,0,89061,55663,89061,0,1,2658.70556807518,678.6782648563385,0.8752885751426989,87492,55051,87475,3.49,3.49,2.2,223108,8.91
34.5,2260992,0.025,0.001,0.1,10.79,2,0.0,143877000,2504862,2487092,0.0,862,287754,1,1,0.013333333333333332,0.017777777777777778,0.04,0,44530,100194,33398,0,1,2658.70556807518,667.8068401813507,0.8752885751426989,33201,98226,44139,1.33,1.76,3.92,171981,6.87
34.5,2260992,0.025,0.001,0.1,10.79,2,0.0,143877000,2504862,2487092,0.0,862,287754,1,1,0.022222222222222223,0.026666666666666665,0.013333333333333332,0,66796,33398,55663,0,1,2658.70556807518,688.1079711914062,0.8752885751426989,55063,33182,65943,2.2,2.63,1.32,151116,6.03
34.5,2260992,0.025,0.001,0.1,10.79,2,0.0,143877000,2504862,2487092,0.0,862,287754,1,1,0.0044444444444444444,0.035555555555555556,0.017777777777777778,0,89061,44530,11132,0,0,2658.70556807518,696.4857518672943,0.8752885751426989,11108,44131,87454,0.44,3.49,1.76,140595,5.61
34.5,2260992,0.025,0.001,0.1,10.79,2,0.0,143877000,2504862,2487092,0.0,862,287754,1,1,0.04,0.017777777777777778,0.017777777777777778,0,44530,44530,100194,0,0,2658.70556807518,687.8807744979858,0.8752885751426989,98197,44121,44137,3.92,1.76,1.76,182306,7.28
34.5,2260992,0.025,0.001,0.1,10.79,2,0.0,143877000,2504862,2487092,0.0,862,287754,1,1,0.026666666666666665,0.008888888888888889,0.03111111111111111,0,22265,77929,66796,0,0,2658.70556807518,690.1944992542267,0.8752885751426989,65903,76739,22164,2.63,0.88,3.06,161554,6.45
34.5,2260992,0.025,0.001,0.1,10.79,2,0.0,143877000,2504862,2487092,0.0,862,287754,1,1,0.04,0.0,0.03111111111111111,0,0,77929,100194,0,0,2658.70556807518,698.2779695987701,0.8752885751426989,98185,76682,0,3.92,0.0,3.06,171937,6.86
35.5,2326528,0.025,0.001,0.1,10.73,2,0.0,147438500,2576079,2559181,0.0,892,294877,1,1,0,0,0,0,0,0,0,0,1,2674.52325963974,690.8099932670593,0.8757600801509393,0,0,0,0.0,0.0,0.0,0,0.0
35.5,2326528,0.025,0.001,0.1,10.73,2,0.0,147438500,2576079,2559181,0.0,892,294877,1,1,0.026666666666666665,0.017777777777777778,0.026666666666666665,0,45796,68695,68695,0,0,2674.52325963974,700.0368938446045,0.8757600801509393,67759,67781,45370,2.63,1.76,2.63,176840,6.86
35.5,2326528,0.025,0.001,0.1,10.73,2,0.0,147438500,2576079,2559181,0.0,892,294877,1,1,0.0044444444444444444,0.017777777777777778,0.017777777777777778,0,45796,45796,11449,0,0,2674.52325963974,713.088446855545,0.8757600801509393,11416,45379,45394,0.44,1.76,1.76,100915,3.92
35.5,2326528,0.025,0.001,0.1,10.73,2,0.0,147438500,2576079,2559181,0.0,892,294877,1,1,0.035555555555555556,0.0,0.008888888888888889,0,0,22898,91593,0,0,2674.52325963974,705.6396744251251,0.8757600801509393,89970,22792,0,3.49,0.0,0.88,111958,4.35
35.5,2326528,0.025,0.001,0.1,10.73,2,0.0,147438500,2576079,2559181,0.0,892,294877,1,1,0.0044444444444444444,0.008888888888888889,0.013333333333333332,0,22898,34347,11449,0,0,2674.52325963974,707.6848607063293,0.8757600801509393,11429,34139,22796,0.44,0.88,1.33,67769,2.63
35.5,2326528,0.025,0.001,0.1,10.73,2,0.0,147438500,2576079,2559181,0.0,892,294877,1,1,0.0,0.035555555555555556,0.008888888888888889,0,91593,22898,0,0,0,2674.52325963974,696.5621905326843,0.8757600801509393,0,22805,89932,0.0,3.49,0.89,111950,4.35
35.5,2326528,0.025,0.001,0.1,10.73,2,0.0,147438500,2576079,2559181,0.0,892,294877,1,1,0.026666666666666665,0.04,0.035555555555555556,0,103043,91593,68695,0,0,2674.52325963974,713.6498124599457,0.8757600801509393,67797,90035,101030,2.63,3.92,3.5,250286,9.72
35.5,2326528,0.025,0.001,0.1,10.73,2,0.0,147438500,2576079,2559181,0.0,892,294877,1,1,0.026666666666666665,0.0044444444444444444,0.026666666666666665,0,11449,68695,68695,0,1,2674.52325963974,706.9741427898407,0.8757600801509393,67799,67756,11430,2.63,0.44,2.63,144620,5.61
35.5,2326528,0.025,0.001,0.1,10.73,2,0.0,147438500,2576079,2559181,0.0,892,294877,1,1,0.03111111111111111,0.026666666666666665,0.04,0,68695,103043,80144,0,0,2674.52325963974,721.744622707367,0.8757600801509393,78919,100975,67771,3.06,2.63,3.92,240082,9.32
35.5,2326528,0.025,0.001,0.1,10.73,2,0.0,147438500,2576079,2559181,0.0,892,294877,1,1,0.013333333333333332,0.022222222222222223,0.026666666666666665,0,57246,68695,34347,0,0,2674.52325963974,702.0937206745148,0.8757600801509393,34142,67766,56585,1.33,2.2,2.63,155346,6.03
36.5,2392064,0.025,0.001,0.1,10.77,2,0.0,151869000,2649690,2631271,0.0,902,303738,1,1,0,0,0,0,0,0,0,0,1,2669.767392396927,693.8373806476593,0.8754145625039956,0,0,0,0.0,0.0,0.0,0,0.0
36.5,2392064,0.025,0.001,0.1,10.77,2,0.0,151869000,2649690,2631271,0.0,902,303738,1,1,0.0044444444444444444,0.04,0.017777777777777778,0,105987,47105,11776,0,1,2669.767392396927,711.5016331672668,0.8754145625039956,11750,46698,103868,0.44,3.92,1.76,159827,6.03
36.5,2392064,0.025,0.001,0.1,10.77,2,0.0,151869000,2649690,2631271,0.0,902,303738,1,1,0.013333333333333332,0.04,0.013333333333333332,0,105987,35329,35329,0,1,2669.767392396927,722.6564588546753,0.8754145625039956,35100,35089,103893,1.32,3.92,1.32,170914,6.45
36.5,2392064,0.025,0.001,0.1,10.77,2,0.0,151869000,2649690,2631271,0.0,902,303738,1,1,0.017777777777777778,0.013333333333333332,0.04,0,35329,105987,47105,0,1,2669.767392396927,722.4137289524078,0.8754145625039956,46636,103921,35093,1.76,1.32,3.92,181775,6.86
36.5,2392064,0.025,0.001,0.1,10.77,2,0.0,151869000,2649690,2631271,0.0,902,303738,1,1,0.0,0.017777777777777778,0.03111111111111111,0,47105,82434,0,0,1,2669.767392396927,698.8010971546173,0.8754145625039956,0,81148,46658,0.0,1.76,3.06,126442,4.77
36.5,2392064,0.025,0.001,0.1,10.77,2,0.0,151869000,2649690,2631271,0.0,902,303738,1,-1,0.04,0.017777777777777778,0.026666666666666665,0,47105,70658,105987,0,1,2669.767392396927,712.4193720817566,0.8754145625039956,103881,69771,46707,3.92,1.76,2.63,214487,8.09
